Participant,Station Name,Region,Dispatch Type,Category,Classification,Fuel Source - Primary,Fuel Source - Descriptor,Technology Type - Primary,Technology Type - Descriptor,Physical Unit No.,Unit Size (MW),Aggregation,DUID,Reg Cap (MW),Max Cap (MW),Max ROC/Min,DUIDUn,Reg Cap,Inertia Constant per Unit,Inertia,Units,Technology Descriptor,Comments,Unit hard code,DUID Hardcode
Basslink Pty Ltd,Basslink HVDC Link,TAS1,Network Service Provider,Market,Scheduled,0,0,0,0,1,478,N,BLNKTAS,478,478,200,BLNKTAS,478,0,0,1,Transmission Line,,TRUE,TRUE
Basslink Pty Ltd,Basslink HVDC Link,VIC1,Network Service Provider,Market,Scheduled,0,0,0,0,1,594,N,BLNKVIC,594,594,200,BLNKVIC,594,0,0,1,Transmission Line,,TRUE,TRUE
CS Energy Limited,Wivenhoe Power Station No. 1 Pump,QLD1,Load Norm Off,Market,Scheduled,0,0,0,0,1,240,N,PUMP1,240,245,49,PUMP1,240,2,480,1,Load,,TRUE,TRUE
CS Energy Limited,Wivenhoe Power Station No. 2 Pump,QLD1,Load Norm Off,Market,Scheduled,0,0,0,0,2,240,N,PUMP2,240,245,49,PUMP2,240,2,480,1,Load,,TRUE,TRUE
FPC 30 Limited (as Trustee for the FPC Green Trust),Rocky Point Cogeneration Plant,QLD1,Generator,Market,Non-Scheduled,0,0,0,0,1,30,N,RPCG,30,32,0,RPCG,30,0,0,1,Other,,TRUE,TRUE
LMS Energy Pty Ltd,Eastern Creek 2 Gas Utilisation Facility ,NSW1,Generator,Non-Market,Non-Scheduled,0,0,0,0,1-Aug,1.123,N,-,8.984,10,0,NA,,0,0,8,Other,,TRUE,FALSE
LUMO Generation SA Pty Ltd,Awaba Power Station,NSW1,Generator,Market,Non-Scheduled,Renewable/ Biomass / Waste,Landfill Methane / Landfill Gas,0,0,1,1.123,N,AWABAREF,1.123,1,0,AWABAREF,1.123,2,2.246,1,"Landfill, Biogas",,TRUE,TRUE
LUMO Generation SA Pty Ltd,Hunter Economic Zone,NSW1,Generator,Market,Non-Scheduled,Fossil,Diesel,0,0,Jan-16,1.8,N,HEZ,29,29,0,HEZ,29,0,0,16,Other,,FALSE,TRUE
LUMO Generation SA Pty Ltd,Remount Power Station,TAS1,Generator,Market,Non-Scheduled,Renewable/ Biomass / Waste,Landfill Methane / Landfill Gas,0,0,1-Feb,1,N,REMOUNT,2,2,0,REMOUNT,2,2,4,2,"Landfill, Biogas",,TRUE,TRUE
Origin Energy Electricity Limited,Bendeela / Kangaroo Valley Pumps,NSW1,Load Norm Off,Market,Scheduled,0,0,0,0,B 1-2,40,Y,SHPUMP,240,240,10,SHPUMP,240,2,480,6,Load,,TRUE,TRUE
Origin Energy Electricity Limited,Bendeela / Kangaroo Valley Pumps,NSW1,Load Norm Off,Market,Scheduled,0,0,0,0,KV 3-4,80,Y,SHPUMP,0,-,0,NA,,2,0,0,Load,,TRUE,FALSE
Origin Energy Electricity Limited,Longford Plant,VIC1,Generator,Market,Non-Scheduled,Fossil,Natural Gas,0,0,1-Jun,5.3,N,LONGFORD,31,31.8,0,LONGFORD,31,0,0,5.85,Other,,TRUE,TRUE
RTA Yarwun Pty Ltd,Yarwun Power Station,QLD1,Generator,Market,Non-Scheduled,0,0,0,0,1,154,N,YARWUN_1,154,180,36,YARWUN_1,154,5,770,1,Open Cycle Gas turbines (OCGT),,TRUE,TRUE
EnergyAustralia Pty Ltd,Tallawarra Power Station,NSW1,Generator,Market,Scheduled,Fossil,Natural Gas,Combustion,Combined Cycle Gas Turbine (CCGT),1,460,N,TALWA1,460,460,92,TALWA1,460,5,2300,1,Combined Cycle Gas Turbine (CCGT),,TRUE,TRUE
Ergon Energy Queensland Pty Ltd,Barcaldine Power Station,QLD1,Generator,Market,Scheduled,Fossil,Natural Gas,Combustion,Combined Cycle Gas Turbine (CCGT),1,37,N,BARCALDN,37,37,3,BARCALDN,37,5,185,1,Combined Cycle Gas Turbine (CCGT),,TRUE,TRUE
Marubeni Australia Power Services Pty Ltd,Smithfield Energy Facility,NSW1,Generator,Non-Market,Scheduled,Fossil,Natural Gas,Combustion,Combined Cycle Gas Turbine (CCGT),1-Mar,38,Y,SITHE01,160,175,35,SITHE01,160,5,800,4,Combined Cycle Gas Turbine (CCGT),,FALSE,TRUE
Marubeni Australia Power Services Pty Ltd,Smithfield Energy Facility,NSW1,Generator,Non-Market,Scheduled,Fossil,Natural Gas,Combustion,Combined Cycle Gas Turbine (CCGT),4,62,Y,SITHE01,-,-,0,NA,,5,0,,Combined Cycle Gas Turbine (CCGT),,#VALUE!,FALSE
Origin Energy Electricity Limited,Darling Downs Power Station,QLD1,Generator,Market,Scheduled,Fossil,Natural Gas,Combustion,Combined Cycle Gas Turbine (CCGT),0,280,Y,DDPS1,644,663,133,DDPS1,644,5,3220,2.3,Combined Cycle Gas Turbine (CCGT),,TRUE,TRUE
Origin Energy Electricity Limited,Darling Downs Power Station,QLD1,Generator,Market,Scheduled,Fossil,Natural Gas,Combustion,Combined Cycle Gas Turbine (CCGT),1-Mar,121,Y,DDPS1,_,-,0,NA,,5,0,,Combined Cycle Gas Turbine (CCGT),,#VALUE!,FALSE
Origin Energy Electricity Limited,Osborne Power Station,SA1,Generator,Market,Scheduled,Fossil,Natural Gas,Combustion,Combined Cycle Gas Turbine (CCGT),1,118,Y,OSB-AG,180,204,41,OSB-AG,180,5,900,2,Combined Cycle Gas Turbine (CCGT),,FALSE,TRUE
Origin Energy Electricity Limited,Osborne Power Station,SA1,Generator,Market,Scheduled,Fossil,Natural Gas,Combustion,Combined Cycle Gas Turbine (CCGT),2,62,Y,OSB-AG,-,-,0,NA,,5,0,,Combined Cycle Gas Turbine (CCGT),,#VALUE!,FALSE
Pelican Point Power Limited,Pelican Point Power Station,SA1,Generator,Market,Scheduled,Fossil,Natural Gas,Combustion,Combined Cycle Gas Turbine (CCGT),1-Feb,160,Y,PPCCGT,478,510,20,PPCCGT,478,5,2390,3,Combined Cycle Gas Turbine (CCGT),,FALSE,TRUE
Pelican Point Power Limited,Pelican Point Power Station,SA1,Generator,Market,Scheduled,Fossil,Natural Gas,Combustion,Combined Cycle Gas Turbine (CCGT),3,158,Y,PPCCGT,-,-,0,NA,,5,0,,Combined Cycle Gas Turbine (CCGT),,#VALUE!,FALSE
QGC Sales Qld Pty Ltd,Condamine Power Station A,QLD1,Generator,Market,Scheduled,Fossil,Natural Gas,Combustion,Combined Cycle Gas Turbine (CCGT),1-Feb,43,Y,CPSA,144,144,29,CPSA,144,5,720,3,Combined Cycle Gas Turbine (CCGT),,FALSE,TRUE
QGC Sales Qld Pty Ltd,Condamine Power Station A,QLD1,Generator,Market,Scheduled,Fossil,Natural Gas,Combustion,Combined Cycle Gas Turbine (CCGT),3,57,Y,CPSA,-,-,0,NA,,5,0,,Combined Cycle Gas Turbine (CCGT),,#VALUE!,FALSE
Stanwell Corporation Limited,Swanbank E Gas Turbine,QLD1,Generator,Market,Scheduled,Fossil,Natural Gas,Combustion,Combined Cycle Gas Turbine (CCGT),1,385,N,SWAN_E,385,385,77,SWAN_E,385,5,1925,1,Combined Cycle Gas Turbine (CCGT),,TRUE,TRUE
Aurora Energy (Tamar Valley) Pty Ltd trading as AETV Power,Tamar Valley Combined Cycle Power Station,TAS1,Generator,Market,Scheduled,Fossil,Natural Gas,Combustion,Combined Cycle Gas Turbines (CCGT),2,68,Y,TVCC201,-,-,0,NA,,5,0,,Combined Cycle Gas Turbine (CCGT),,#VALUE!,FALSE
Aurora Energy (Tamar Valley) Pty Ltd trading as AETV Power,Tamar Valley Combined Cycle Power Station,TAS1,Generator,Market,Scheduled,Fossil,Natural Gas,Combustion,Combined Cycle Gas turbines (OCGT),1,141,Y,TVCC201,208,208,9,TVCC201,208,5,1040,2,Combined Cycle Gas Turbine (CCGT),,FALSE,TRUE
AGL Hydro Partnership,Moranbah Generation Project,QLD1,Generator,Market,Non-Scheduled,Fossil,Coal Seam Methane,Combustion,Compression Reciprocating Engine,1-Aug,1.57,N,MORANBAH,12.56,13,0,MORANBAH,12.56,0,0,8,Compression Reciprocating Engine,,#REF!,TRUE
AGL Hydro Partnership,West Nowra Landfill Gas Power Generation Facility,NSW1,Generator,Market,Non-Scheduled,Renewable/ Biomass / Waste,Landfill Methane / Landfill Gas,Combustion,Compression Reciprocating Engine,1,1,N,AGLNOW1,1,1,0,AGLNOW1,1,0,0,1,Compression Reciprocating Engine,,TRUE,TRUE
AGL Hydro Partnership,Woy Woy Landfill Site,NSW1,Generator,Market,Non-Scheduled,Landfill / Biogas,Landfill / Biogas,Combustion,Compression Reciprocating Engine,1,1.064,N,WOYWOY1,1.064,1,0,WOYWOY1,1.064,0,0,1,Compression Reciprocating Engine,,TRUE,TRUE
AGL Sales (Queensland Electricity) Pty Limited,Grange Avenue Power Station,NSW1,Generator,Market,Non-Scheduled,Renewable/ Biomass / Waste,Landfill Methane / Landfill Gas,Combustion,Compression Reciprocating Engine,1,2,N,GRANGEAV,2,2,0,GRANGEAV,2,0,0,1,Compression Reciprocating Engine,,TRUE,TRUE
Alinta Energy Retail Sales Pty Ltd,SA Water Bolivar Waste Water Treatment (WWT) Plant,SA1,Generator,Market,Non-Scheduled,Renewable/ Biomass / Waste,Waste Water / Sewerage,Combustion,Compression Reciprocating Engine,4,9.9,N,BOLIVAR1,9.9,9.9,0,BOLIVAR1,9.9,0,0,1,Compression Reciprocating Engine,,TRUE,TRUE
Diamond Energy Pty Ltd ,Shepparton Wastewater Treatment Facility,VIC1,Generator,Market,Non-Scheduled,Renewable/ Biomass / Waste,Sewerage/Waste Water,Combustion,Compression Reciprocating Engine,1,1.1,N,SHEP1,1.1,1,0,SHEP1,1.1,0,0,1,Compression Reciprocating Engine,,TRUE,TRUE
Diamond Energy Pty Ltd ,Tatura Biomass Generator,VIC1,Generator,Market,Non-Scheduled,Renewable/ Biomass / Waste,Sewerage/Waste Water,Combustion,Compression Reciprocating Engine,1,1.1,N,TATURA01,1.1,1,0,TATURA01,1.1,0,0,1,Compression Reciprocating Engine,,TRUE,TRUE
EDL CSM (QLD) Pty Ltd,German Creek Power Station,QLD1,Generator,Market,Non-Scheduled,Fossil,Waste Coal Mine Gas,Combustion,Compression Reciprocating Engine,17-20,3.3,N,-,13.2,-,0,NA,,0,0,,Compression Reciprocating Engine,,FALSE,FALSE
EDL CSM (QLD) Pty Ltd,German Creek Power Station,QLD1,Generator,Market,Non-Scheduled,Fossil,Waste Coal Mine Gas,Combustion,Compression Reciprocating Engine,Jan-16,2,N,GERMCRK,32,45,0,GERMCRK,32,0,0,16,Compression Reciprocating Engine,,TRUE,TRUE
EDL LFG (NSW) Pty Ltd,Eastern Creek Power Station,NSW1,Generator,Market,Non-Scheduled,Renewable/ Biomass / Waste,Landfill Methane / Landfill Gas,Combustion,Compression Reciprocating Engine,1-Apr,1.35,N,EASTCRK,5.4,5,0,EASTCRK,5.4,0,0,4,Compression Reciprocating Engine,,TRUE,TRUE
EDL LFG (NSW) Pty Ltd,Lucas Heights 2 LFG Power Station,NSW1,Generator,Market,Non-Scheduled,Renewable/ Biomass / Waste,Landfill Methane / Landfill Gas,Combustion,Compression Reciprocating Engine,1-Nov,1.15,N,LUCAS2S2,13,13,0,LUCAS2S2,13,0,0,11,Compression Reciprocating Engine,,FALSE,TRUE
EDL LFG (NSW) Pty Ltd,Lucas Heights 2 LFG Power Station,NSW1,Generator,Market,Non-Scheduled,Renewable/ Biomass / Waste,Landfill Methane / Landfill Gas,Combustion,Compression Reciprocating Engine,Dec-15,4.6,N,LUCASHGT,5,5,0,LUCASHGT,5,0,0,3,Compression Reciprocating Engine,,FALSE,TRUE
EnergyAustralia Pty Ltd,Mornington Waste Disposal Facility,VIC1,Generator,Market,Non-Scheduled,Renewable/ Biomass / Waste,Landfill Methane / Landfill Gas,Combustion,Compression Reciprocating Engine,1,0.77,N,MORNW,1,1,0,MORNW,1,0,0,1,Compression Reciprocating Engine,,FALSE,TRUE
EnergyAustralia Pty Ltd,Woodlawn Bioreactor Energy Generation Station,NSW1,Generator,Market,Non-Scheduled,Renewable/ Biomass / Waste,Landfill Methane / Landfill Gas,Combustion,Compression Reciprocating Engine,1-Jun,1.065,N,WDLNGN01,7,7,0,WDLNGN01,7,0,0,6,Compression Reciprocating Engine,,FALSE,TRUE
EnergyAustralia Pty Ltd,Wyndham Waste Disposal Facility,VIC1,Generator,Market,Non-Scheduled,Renewable/ Biomass / Waste,Landfill Methane / Landfill Gas,Combustion,Compression Reciprocating Engine,1,1,N,WYNDW,1,1,0,WYNDW,1,0,0,1,Compression Reciprocating Engine,,TRUE,TRUE
EnerNOC Pty Ltd,Ballarat Base Hospital Plant,VIC1,Generator,Market,Non-Scheduled,Fossil,Natural Gas,Combustion,Compression Reciprocating Engine,1-Mar,1.02,N,BBASEHOS,3,3,0,BBASEHOS,3,0,0,3,Compression Reciprocating Engine,,FALSE,TRUE
EnerNOC Pty Ltd,Bankstown Sports Club Plant Units ,NSW1,Generator,Market,Non-Scheduled,Fuel Oil,Diesel,Combustion,Compression Reciprocating Engine,1,0.8,N,BANKSPT1,2,2,0,BANKSPT1,2,0,0,1,Compression Reciprocating Engine,,FALSE,TRUE
EnerNOC Pty Ltd,Bankstown Sports Club Plant Units ,NSW1,Generator,Market,Non-Scheduled,Fuel Oil,Diesel,Combustion,Compression Reciprocating Engine,2,1.34,N,BANKSPT1,-,-,0,NA,,0,0,,Compression Reciprocating Engine,,#VALUE!,FALSE
EnerNOC Pty Ltd,Blue Lake Milling Power Plant,SA1,Generator,Market,Non-Scheduled,Fossil,Diesel,Combustion,Compression Reciprocating Engine,1,1,N,BLULAKE1,1,1,0,BLULAKE1,1,0,0,,Compression Reciprocating Engine,,FALSE,TRUE
EnerNOC Pty Ltd,Nine Network Willoughby Plant ,NSW1,Generator,Market,Non-Scheduled,Fuel Oil,Diesel,Combustion,Compression Reciprocating Engine,1-Mar,1.06,N,NINEWIL1,3.2,2,0,NINEWIL1,3.2,0,0,3,Compression Reciprocating Engine,,FALSE,TRUE
EnerNOC Pty Ltd,St George Leagues Club Plant,NSW1,Generator,Market,Non-Scheduled,Fuel Oil,Diesel,Combustion,Compression Reciprocating Engine,1,1.48,N,STGEORG1,1,1,0,STGEORG1,1,0,0,1,Compression Reciprocating Engine,,FALSE,TRUE
EnerNOC Pty Ltd,Tatiara Bordertown Plant,SA1,Generator,Market,Non-Scheduled,Fuel Oil,Diesel,Combustion,Compression Reciprocating Engine,1,0.5,N,TATIARA1,0.5,1,0,TATIARA1,0.5,0,0,1,Compression Reciprocating Engine,,TRUE,TRUE
EnerNOC Pty Ltd,West Illawarra Leagues Club Plant,NSW1,Generator,Market,Non-Scheduled,Fuel Oil,Diesel,Combustion,Compression Reciprocating Engine,1,0.715,N,WESTILL1,1,1,0,WESTILL1,1,0,0,1.4,Compression Reciprocating Engine,,TRUE,TRUE
EnerNOC Pty Ltd,West Illawarra Leagues Club Plant,NSW1,Generator,Market,Non-Scheduled,Fuel Oil,Diesel,Combustion,Compression Reciprocating Engine,2,0.275,N,WESTILL1,-,-,0,NA,,0,0,#VALUE!,Compression Reciprocating Engine,,#VALUE!,FALSE
EnerNOC Pty Ltd,Western Suburbs League Club (Campbelltown) Plant,NSW1,Generator,Market,Non-Scheduled,Fuel Oil,Diesel,Combustion,Compression Reciprocating Engine,1,1,N,WESTCBT1,1,1,0,WESTCBT1,1,0,0,,Compression Reciprocating Engine,,FALSE,TRUE
EDL (OCI) Pty Ltd,Glennies Creek Power Station ,NSW1,Generator ,Non-Market,Non-Scheduled,Fossil,Waste Coal Mine Gas,Combustion,Compression Reciprocating Engine,1-Dec,1.08,N,-,13,13,0,NA,,0,0,12,Compression Reciprocating Engine,,FALSE,FALSE
EnviroGen Pty Limited,Teralba Power Station ,NSW1,Generator,Market,Non-Scheduled,Fossil,Coal Seam Methane,Combustion,Compression Reciprocating Engine,1-Mar,1,N,TERALBA,3,3,0,TERALBA,3,0,0,3,Compression Reciprocating Engine,,TRUE,TRUE
LUMO Generation SA Pty Ltd,Angaston Power Station,SA1,Generator,Market,Non-Scheduled,Fossil,Diesel,Combustion,Compression Reciprocating Engine,Jan-18,1.667,Y,ANGAS1,30,30,17,ANGAS1,30,0,0,18,Compression Reciprocating Engine,,TRUE,TRUE
LUMO Generation SA Pty Ltd,Angaston Power Station,SA1,Generator,Market,Non-Scheduled,Fossil,Diesel,Combustion,Compression Reciprocating Engine,1-Dec,1.667,Y,ANGAS2,20,20,17,ANGAS2,20,0,0,12,Compression Reciprocating Engine,,TRUE,TRUE
LUMO Generation SA Pty Ltd,Lonsdale Power Station,SA1,Generator,Market,Scheduled,Fossil,Diesel,Combustion,Compression Reciprocating Engine,Jan-18,1.125,Y,LONSDALE,20,21,0,LONSDALE,20,0,0,18,Compression Reciprocating Engine,,FALSE,TRUE
LUMO Generation SA Pty Ltd,Port Stanvac Power Station 1,SA1,Generator,Market,Scheduled,Fossil,Diesel,Combustion,Compression Reciprocating Engine,Jan-36,1.6,N,PTSTAN1,29,65,0,PTSTAN1,29,0,0,36,Compression Reciprocating Engine,,FALSE,TRUE
Narrabri Power Limited,Wilga Park Power Station,NSW1,Generator,Non-Market,Non-Scheduled,Fossil,Coal Seam Methane,Combustion,Compression Reciprocating Engine,1-Apr,1,N,-,4,4,0,NA,,0,0,,Compression Reciprocating Engine,,FALSE,FALSE
Narrabri Power Limited,Wilga Park Power Station,NSW1,Generator,Non-Market,Non-Scheduled,Fossil,Coal Seam Methane,Combustion,Compression Reciprocating Engine,5-Jun,3,N,-,6,6,0,NA,,0,0,,Compression Reciprocating Engine,,FALSE,FALSE
Origin Energy Electricity Limited,Daandine Power Station,QLD1,Generator,Market,Non-Scheduled,Fossil,Coal Seam Methane,Combustion,Compression Reciprocating Engine,1-Nov,3,N,DAANDINE,33,33,0,DAANDINE,33,0,0,11,Compression Reciprocating Engine,,TRUE,TRUE
Origin Energy Electricity Limited,Eraring Power Station,NSW1,Generator,Market,Non-Scheduled,Fossil,Diesel,Combustion,Compression Reciprocating Engine,1,41.5,N,ERGT01,41.5,56,0,ERGT01,41.5,0,0,1,Compression Reciprocating Engine,,TRUE,TRUE
Origin Energy Electricity Limited,Oaky Creek  Power Station,QLD1,Generator,Market,Non-Scheduled,Fossil,Coal Seam Methane,Combustion,Compression Reciprocating Engine,Jan-14,1.037,Y,OAKYCREK,20,20,0,OAKYCREK,20,0,0,16,Compression Reciprocating Engine,,FALSE,TRUE
Origin Energy Electricity Limited,Oaky Creek  Power Station,QLD1,Generator,Market,Non-Scheduled,Fossil,Coal Seam Methane,Combustion,Compression Reciprocating Engine,15-16,3,Y,OAKYCREK,-,-,0,NA,,0,0,,Compression Reciprocating Engine,,#VALUE!,FALSE
Origin Energy Electricity Limited,Rochedale Renewable Energy Facility,QLD1,Generator,Market,Non-Scheduled,Renewable/ Biomass / Waste,Landfill Methane / Landfill Gas,Combustion,Compression Reciprocating Engine,1-Mar,1.1,N,ROCHEDAL,4,4,0,ROCHEDAL,4,0,0,4,Compression Reciprocating Engine,,FALSE,TRUE
Origin Energy Electricity Limited,Rochedale Renewable Energy Facility,QLD1,Generator,Market,Non-Scheduled,Renewable/ Biomass / Waste,Landfill Methane / Landfill Gas,Combustion,Compression Reciprocating Engine,4,0.7,N,ROCHEDAL,-,-,0,NA,,0,0,,Compression Reciprocating Engine,,#VALUE!,FALSE
Origin Energy Electricity Limited,Whitwood Road Renewable Energy Facility,QLD1,Generator,Market,Non-Scheduled,Renewable/ Biomass / Waste,Landfill Methane / Landfill Gas,Combustion,Compression Reciprocating Engine,1,1.1,N,WHIT1,1,1,0,WHIT1,1,0,0,1,Compression Reciprocating Engine,,FALSE,TRUE
Secure Energy Pty Ltd,Southbank Institute Of Technology Unit 1 Plant,QLD1,Generator,Market,Non-Scheduled,Fossil,Diesel,Combustion,Compression Reciprocating Engine,1,1,N,STHBKTEC,1,1,0,STHBKTEC,1,0,0,1,Compression Reciprocating Engine,,TRUE,TRUE
Veolia Environmental Services (Australia) Pty Ltd,Veolia Ti Tree Bio Reactor,QLD1,Generator,Market,Non-Scheduled,Renewable/ Biomass / Waste,Landfill Methane / Landfill Gas,Combustion,Compression Reciprocating Engine,1-Feb,1,Y,TITREE,2,2,0,TITREE,2,0,0,2,Compression Reciprocating Engine,,TRUE,TRUE
AGL Hydro Partnership,Banimboola Power Station,VIC1,Generator,Market,Non-Scheduled,Hydro,Water,Renewable,Hydro - Gravity,3,2.25,Y,BAPS,-,-,0,NA,,5,0,,Hydro - Gravity,,#VALUE!,FALSE
AGL Hydro Partnership,Bogong / Mckay Power Station,VIC1,Generator,Market,Scheduled,Hydro,Water,Renewable,Hydro - Gravity, B 1-2,80,Y,MCKAY1,300,300,60,MCKAY1,300,5,1500,3,Hydro - Gravity,,FALSE,TRUE
AGL Hydro Partnership,Bogong / Mckay Power Station,VIC1,Generator,Market,Scheduled,Hydro,Water,Renewable,Hydro - Gravity, M1-6,25,Y,MCKAY1,-,-,0,NA,,5,0,,Hydro - Gravity,,#VALUE!,FALSE
AGL Hydro Partnership,Burrendong Hydro Power Station,NSW1,Generator,Market,Non-Scheduled,Hydro,Water,Renewable,Hydro - Gravity,1,19,N,BDONGHYD,19,19,0,BDONGHYD,19,5,95,1,Hydro - Gravity,,TRUE,TRUE
AGL Hydro Partnership,Clover Power Station,VIC1,Generator,Non-Market,Non-Scheduled,Hydro,Water,Renewable,Hydro - Gravity,1-Feb,14.5,N,-,30,30,0,CLOVER,30,5,150,2,Hydro - Gravity,added name,FALSE,FALSE
AGL Hydro Partnership,Copeton Hydro Power Station,NSW1,Generator,Market,Non-Scheduled,Hydro,Water,Renewable,Hydro - Gravity,1,24,N,COPTNHYD,24,24,0,COPTNHYD,24,5,120,2,Hydro - Gravity,,FALSE,TRUE
AGL Hydro Partnership,Dartmouth Power Station,VIC1,Generator,Market,Scheduled,Hydro,Water,Renewable,Hydro - Gravity,1,150,N,DARTM1,150,185,60,DARTM1,150,5,750,1,Hydro - Gravity,,TRUE,TRUE
AGL Hydro Partnership,Eildon Power Station,VIC1,Generator,Market,Scheduled,Hydro,Water,Renewable,Hydro - Gravity,1,60,Y,EILDON1,60,60,20,EILDON1,60,5,300,1,Hydro - Gravity,,TRUE,TRUE
AGL Hydro Partnership,Eildon Power Station,VIC1,Generator,Market,Scheduled,Hydro,Water,Renewable,Hydro - Gravity,2,60,Y,EILDON2,60,60,20,EILDON2,60,5,300,1,Hydro - Gravity,,TRUE,TRUE
AGL Hydro Partnership,Eildon Power Station,VIC1,Generator,Market,Scheduled,Hydro,Water,Renewable,Hydro - Gravity,2b,7.5,Y,EILDON2,-,-,0,NA,,5,0,,Hydro - Gravity,,#VALUE!,FALSE
AGL Hydro Partnership,Glenbawn Hydro Power Station,NSW1,Generator,Market,Non-Scheduled,Hydro,Water,Renewable,Hydro - Gravity,1,5.8,N,GLBWNHYD,5.8,5,0,GLBWNHYD,5.8,5,29,1,Hydro - Gravity,,TRUE,TRUE
AGL Hydro Partnership,Pindari Hydro Power Station,NSW1,Generator,Market,Non-Scheduled,Hydro,Water,Renewable,Hydro - Gravity,1,6.7,N,PINDARI,6.7,6,0,PINDARI,6.7,5,33.5,1,Hydro - Gravity,,TRUE,TRUE
AGL Hydro Partnership,Rubicon Mountain Streams Station,VIC1,Generator,Non-Market,Non-Scheduled,Hydro,Water,Renewable,Hydro - Gravity,1,13.55,N,-,13.55,13,0,RUBICON,,5,0,,Hydro - Gravity,no DUID,TRUE,FALSE
AGL Hydro Partnership,West Kiewa Power Station,VIC1,Generator,Market,Scheduled,Hydro,Water,Renewable,Hydro - Gravity,1,31,N,WKIEWA1,31,31,15,WKIEWA1,31,5,155,1,Hydro - Gravity,,TRUE,TRUE
AGL Hydro Partnership,West Kiewa Power Station,VIC1,Generator,Market,Scheduled,Hydro,Water,Renewable,Hydro - Gravity,2,31,N,WKIEWA2,31,31,15,WKIEWA2,31,5,155,1,Hydro - Gravity,,TRUE,TRUE
AGL Hydro Partnership,Yarrawonga Hydro Power Station,VIC1,Generator,Market,Non-Scheduled,Hydro,Water,Renewable,Hydro - Gravity,1-Feb,4.725,N,-,9,9,0,NA,,5,0,,Hydro - Gravity,no DUID,FALSE,FALSE
Delta Electricity,Brown Mountain,NSW1,Generator,Market,Non-Scheduled,Hydro,Water,Renewable,Hydro - Gravity,1,0.5,Y,BROWNMT,4.95,6,0,BROWNMT,4.95,5,24.75,6,Hydro - Gravity,,FALSE,TRUE
Delta Electricity,Brown Mountain,NSW1,Generator,Market,Non-Scheduled,Hydro,Water,Renewable,Hydro - Gravity,2-Mar,0.75,Y,BROWNMT,-,-,0,NA,,5,0,,Hydro - Gravity,,#VALUE!,FALSE
Delta Electricity,Brown Mountain,NSW1,Generator,Market,Non-Scheduled,Hydro,Water,Renewable,Hydro - Gravity,4-May,1,Y,BROWNMT,-,-,0,NA,,5,0,,Hydro - Gravity,,#VALUE!,FALSE
Delta Electricity,Brown Mountain,NSW1,Generator,Market,Non-Scheduled,Hydro,Water,Renewable,Hydro - Gravity,6,4.2,Y,BROWNMT,-,-,0,NA,,5,0,,Hydro - Gravity,,#VALUE!,FALSE
GSP Energy Pty Ltd,Burrinjuck Power Station,NSW1,Generator,Market,Non-Scheduled,Hydro,Water,Renewable,Hydro - Gravity,3-Apr,5.7,N,BURRIN,27,28,0,BURRIN,27,5,135,4.74,Hydro - Gravity,,TRUE,TRUE
GSP Energy Pty Ltd,Burrinjuck Power Station,NSW1,Generator,Market,Non-Scheduled,Hydro,Water,Renewable,Hydro - Gravity,5,15.4,N,BURRIN,-,-,0,NA,,5,0,,Hydro - Gravity,,#VALUE!,FALSE
GSP Energy Pty Ltd,Hume Power Station,NSW1,Generator,Market,Scheduled,Hydro,Water,Renewable,Hydro - Gravity,1-Feb,29,N,HUMENSW,29,70,10,HUMENSW,29,5,145,1,Hydro - Gravity,,TRUE,TRUE
GSP Energy Pty Ltd,Hume Power Station,VIC1,Generator,Market,Scheduled,Hydro,Water,Renewable,Hydro - Gravity,1-Feb,29,N,HUMEV,29,70,10,HUMEV,29,5,145,1,Hydro - Gravity,,TRUE,TRUE
GSP Energy Pty Ltd,Keepit Power Station,NSW1,Generator,Market,Non-Scheduled,Hydro,Water,Renewable,Hydro - Gravity,1,6,N,KEEPIT,6,8,0,KEEPIT,6,5,30,1,Hydro - Gravity,,TRUE,TRUE
Hydro Power Pty Limited,Wyangala A Power Station,NSW1,Generator,Market,Non-Scheduled,Hydro,Water,Renewable,Hydro - Gravity,1,20,N,WYANGALA,20,20,0,WYANGALA,20,5,100,1,Hydro - Gravity,,TRUE,TRUE
Hydro Power Pty Limited,Wyangala B Power Station,NSW1,Generator,Market,Non-Scheduled,Hydro,Water,Renewable,Hydro - Gravity,1,4,N,WYANGALB,4,4,0,WYANGALB,4,5,20,1,Hydro - Gravity,,TRUE,TRUE
Hydro-Electric Corporation trading as Hydro Tasmania,Bastyan Power Station,TAS1,Generator,Market,Scheduled,Hydro,Water,Renewable,Hydro - Gravity,1,79.9,N,BASTYAN,79.9,88,40,BASTYAN,79.9,5,399.5,1,Hydro - Gravity,,TRUE,TRUE
Hydro-Electric Corporation trading as Hydro Tasmania,Butlers Gorge Power Station,TAS1,Generator,Market,Non-Scheduled,Hydro,Water,Renewable,Hydro - Gravity,1,14.4,N,BUTLERSG,14.4,15,0,BUTLERSG,14.4,5,72,1,Hydro - Gravity,,TRUE,TRUE
Hydro-Electric Corporation trading as Hydro Tasmania,Catagunya / Liapootah / Wayatinah Power Station,TAS1,Generator,Market,Scheduled,Hydro,Water,Renewable,Hydro - Gravity,C 1-2,24,Y,LI_WY_CA,170.1,183,110,LI_WY_CA,170.1,5,850.5,7.09,Hydro - Gravity,,TRUE,TRUE
Hydro-Electric Corporation trading as Hydro Tasmania,Catagunya / Liapootah / Wayatinah Power Station,TAS1,Generator,Market,Scheduled,Hydro,Water,Renewable,Hydro - Gravity,L 1-3,27.9,Y,LI_WY_CA,-,-,0,NA,,5,0,,Hydro - Gravity,,#VALUE!,FALSE
Hydro-Electric Corporation trading as Hydro Tasmania,Catagunya / Liapootah / Wayatinah Power Station,TAS1,Generator,Market,Scheduled,Hydro,Water,Renewable,Hydro - Gravity,W 1-3,12.8,Y,LI_WY_CA,-,-,0,NA,,5,0,,Hydro - Gravity,,#VALUE!,FALSE
Hydro-Electric Corporation trading as Hydro Tasmania,Cethana Power Station,TAS1,Generator,Market,Scheduled,Hydro,Water,Renewable,Hydro - Gravity,1,85,N,CETHANA,85,100,40,CETHANA,85,5,425,1,Hydro - Gravity,,TRUE,TRUE
Hydro-Electric Corporation trading as Hydro Tasmania,Cluny Power Station,TAS1,Generator,Market,Non-Scheduled,Hydro,Water,Renewable,Hydro - Gravity,1,17,N,CLUNY,17,19,0,CLUNY,17,5,85,1,Hydro - Gravity,,TRUE,TRUE
Hydro-Electric Corporation trading as Hydro Tasmania,Devils Gate Power Station,TAS1,Generator,Market,Scheduled,Hydro,Water,Renewable,Hydro - Gravity,1,60,N,DEVILS_G,60,65,40,DEVILS_G,60,5,300,1,Hydro - Gravity,,TRUE,TRUE
Hydro-Electric Corporation trading as Hydro Tasmania,Fisher Power Station,TAS1,Generator,Market,Scheduled,Hydro,Water,Renewable,Hydro - Gravity,1,43.2,N,FISHER,43.2,46,30,FISHER,43.2,5,216,1,Hydro - Gravity,,TRUE,TRUE
Hydro-Electric Corporation trading as Hydro Tasmania,Gordon Power Station,TAS1,Generator,Market,Scheduled,Hydro,Water,Renewable,Hydro - Gravity,1-Mar,144,Y,GORDON,432,450,180,GORDON,432,5,2160,3,Hydro - Gravity,,TRUE,TRUE
Hydro-Electric Corporation trading as Hydro Tasmania,John Butters Power Station,TAS1,Generator,Market,Scheduled,Hydro,Water,Renewable,Hydro - Gravity,1,144,N,JBUTTERS,144,144,40,JBUTTERS,144,5,720,1,Hydro - Gravity,,TRUE,TRUE
Hydro-Electric Corporation trading as Hydro Tasmania,Lake Echo Power Station,TAS1,Generator,Market,Scheduled,Hydro,Water,Renewable,Hydro - Gravity,1,32.4,N,LK_ECHO,32.4,34,15,LK_ECHO,32.4,5,162,1,Hydro - Gravity,,TRUE,TRUE
Hydro-Electric Corporation trading as Hydro Tasmania,Lemonthyme / Wilmot  Power Station,TAS1,Generator,Market,Scheduled,Hydro,Water,Renewable,Hydro - Gravity,L 1,51,Y,LEM_WIL,81.6,86,25,LEM_WIL,81.6,5,408,1.6,Hydro - Gravity,,TRUE,TRUE
Hydro-Electric Corporation trading as Hydro Tasmania,Lemonthyme / Wilmot  Power Station,TAS1,Generator,Market,Scheduled,Hydro,Water,Renewable,Hydro - Gravity,W 1,30.6,Y,LEM_WIL,-,-,0,NA,,5,0,,Hydro - Gravity,,#VALUE!,FALSE
Hydro-Electric Corporation trading as Hydro Tasmania,Mackintosh Power Station,TAS1,Generator,Market,Scheduled,Hydro,Water,Renewable,Hydro - Gravity,1,79.9,N,MACKNTSH,79.9,89,40,MACKNTSH,79.9,5,399.5,1,Hydro - Gravity,,TRUE,TRUE
Hydro-Electric Corporation trading as Hydro Tasmania,Meadowbank Power Station,TAS1,Generator,Market,Scheduled,Hydro,Water,Renewable,Hydro - Gravity,1,40,N,MEADOWBK,40,42,10,MEADOWBK,40,5,200,1,Hydro - Gravity,,TRUE,TRUE
Hydro-Electric Corporation trading as Hydro Tasmania,Paloona Power Station,TAS1,Generator,Market,Non-Scheduled,Hydro,Water,Renewable,Hydro - Gravity,1,28,N,PALOONA,28,33,0,PALOONA,28,5,140,1,Hydro - Gravity,,TRUE,TRUE
Hydro-Electric Corporation trading as Hydro Tasmania,Poatina Power Station,TAS1,Generator,Market,Scheduled,Hydro,Water,Renewable,Hydro - Gravity,1-Feb,50,Y,POAT110,100,124,20,POAT110,100,5,500,2,Hydro - Gravity,,TRUE,TRUE
Hydro-Electric Corporation trading as Hydro Tasmania,Poatina Power Station,TAS1,Generator,Market,Scheduled,Hydro,Water,Renewable,Hydro - Gravity,3-Jun,50,Y,POAT220,200,248,40,POAT220,200,5,1000,4,Hydro - Gravity,,TRUE,TRUE
Hydro-Electric Corporation trading as Hydro Tasmania,Reece Power Station,TAS1,Generator,Market,Scheduled,Hydro,Water,Renewable,Hydro - Gravity,1,115.6,N,REECE1,115.6,119,40,REECE1,115.6,5,578,1,Hydro - Gravity,,TRUE,TRUE
Hydro-Electric Corporation trading as Hydro Tasmania,Reece Power Station,TAS1,Generator,Market,Scheduled,Hydro,Water,Renewable,Hydro - Gravity,2,115.6,N,REECE2,115.6,119,40,REECE2,115.6,5,578,1,Hydro - Gravity,,TRUE,TRUE
Hydro-Electric Corporation trading as Hydro Tasmania,Repulse Power Station,TAS1,Generator,Market,Non-Scheduled,Hydro,Water,Renewable,Hydro - Gravity,1,28,N,REPULSE,28,29,0,REPULSE,28,5,140,1,Hydro - Gravity,,TRUE,TRUE
Hydro-Electric Corporation trading as Hydro Tasmania,Rowallan Power Station,TAS1,Generator,Market,Non-Scheduled,Hydro,Water,Renewable,Hydro - Gravity,1,10.5,N,ROWALLAN,10.5,11,0,ROWALLAN,10.5,5,52.5,1,Hydro - Gravity,,TRUE,TRUE
Hydro-Electric Corporation trading as Hydro Tasmania,Tarraleah Power Station,TAS1,Generator,Market,Scheduled,Hydro,Water,Renewable,Hydro - Gravity,1-Jun,15,Y,TARRALEA,90,94,60,TARRALEA,90,5,450,6,Hydro - Gravity,,TRUE,TRUE
Hydro-Electric Corporation trading as Hydro Tasmania,Terminal Storage Mini Hydro Power Station,SA1,Generator,Market,Non-Scheduled,Hydro,Water,Renewable,Hydro - Gravity,1,2.5,N,TERMSTOR,2.5,2,0,TERMSTOR,2.5,5,12.5,1,Hydro - Gravity,,TRUE,TRUE
Hydro-Electric Corporation trading as Hydro Tasmania,Trevallyn Power Station,TAS1,Generator,Market,Scheduled,Hydro,Water,Renewable,Hydro - Gravity,1-Apr,20,Y,TREVALLN,80,103,60,TREVALLN,80,5,400,4,Hydro - Gravity,,TRUE,TRUE
Hydro-Electric Corporation trading as Hydro Tasmania,Tribute Power Station,TAS1,Generator,Market,Scheduled,Hydro,Water,Renewable,Hydro - Gravity,1,82.8,N,TRIBUTE,82.8,92,40,TRIBUTE,82.8,5,414,1,Hydro - Gravity,,TRUE,TRUE
Hydro-Electric Corporation trading as Hydro Tasmania,Tungatinah Power Station,TAS1,Generator,Market,Scheduled,Hydro,Water,Renewable,Hydro - Gravity,1-May,25,Y,TUNGATIN,125,131,75,TUNGATIN,125,5,625,5,Hydro - Gravity,,TRUE,TRUE
Origin Energy Electricity Limited,Bendeela / Kangaroo Valley Power Station,NSW1,Generator ,Market,Scheduled,Hydro,Water,Renewable,Hydro - Gravity,B 1-2,40,Y,SHGEN ,240,240,25,SHGEN,240,5,1200,6,Hydro - Gravity,,TRUE,TRUE
Origin Energy Electricity Limited,Bendeela / Kangaroo Valley Power Station,NSW1,Generator ,Market,Scheduled,Hydro,Water,Renewable,Hydro - Gravity,KV 3-4,80,Y,SHGEN ,0,-,0,NA,0,5,0,0,Hydro - Gravity,,TRUE,TRUE
Progressive Green Pty Ltd,South East Water - Hallam Hydro Plant,VIC1,Generator,Market,Non-Scheduled,Hydro,Water,Renewable,Hydro - Gravity,1,0.25,N,HLMSEW01,0.25,1,0,HLMSEW01,0.25,5,1.25,1,Hydro - Gravity,,TRUE,TRUE
Snowy Hydro Limited,Blowering Power Station,NSW1,Generator,Market,Scheduled,Hydro,Water,Renewable,Hydro - Gravity,1,70,N,BLOWERNG,70,80,10,BLOWERNG,70,5,350,1,Hydro - Gravity,,TRUE,TRUE
Snowy Hydro Limited,Guthega Power Station,NSW1,Generator,Market,Scheduled,Hydro,Water,Renewable,Hydro - Gravity,1,30,Y,GUTHEGA,60,80,20,GUTHEGA,60,5,300,2,Hydro - Gravity,,TRUE,TRUE
Snowy Hydro Limited,Guthega Power Station,NSW1,Generator,Market,Scheduled,Hydro,Water,Renewable,Hydro - Gravity,2,30,Y,GUTHEGA,-,-,0,NA,,5,0,,Hydro - Gravity,,#VALUE!,FALSE
Snowy Hydro Limited,Jindabyne Small Hydro Power Station ,NSW1,Generator,Market,Non-Scheduled,Hydro,Water,Renewable,Hydro - Gravity,1,1.1,N,JNDABNE1,1.1,1,0,JNDABNE1,1.1,5,5.5,1,Hydro - Gravity,,TRUE,TRUE
Snowy Hydro Limited,Jounama Small Hydro Power Station,NSW1,Generator,Market,Non-Scheduled,Hydro,Water,Renewable,Hydro - Gravity,1,14,N,JOUNAMA1,14,14,0,JOUNAMA1,14,5,70,1,Hydro - Gravity,,TRUE,TRUE
Snowy Hydro Limited,Murray 1 Power Station,VIC1,Generator,Market,Scheduled,Hydro,Water,Renewable,Hydro - Gravity,1-Oct,95,Y,MURRAY,1500,1575,450,MURRAY,1500,5,7500,14,Hydro - Gravity,,FALSE,TRUE
Snowy Hydro Limited,Murray 2 Power Station,VIC1,Generator,Market,Scheduled,Hydro,Water,Renewable,Hydro - Gravity,1-Apr,138,Y,MURRAY,-,-,0,NA,,5,0,,Hydro - Gravity,Boving turbines,#VALUE!,FALSE
Snowy Hydro Limited,Tumut 1 Power Station,NSW1,Generator,Market,Scheduled,Hydro,Water,Renewable,Hydro - Gravity,1-Apr,82,Y,UPPTUMUT,616,665,320,UPPTUMUT,616,5,3080,8,Hydro - Gravity,,FALSE,TRUE
Snowy Hydro Limited,Tumut 2 Power Station,NSW1,Generator,Market,Scheduled,Hydro,Water,Renewable,Hydro - Gravity,5-Aug,72,Y,UPPTUMUT,-,-,0,NA,,5,0,,Hydro - Gravity,,#VALUE!,FALSE
Snowy Hydro Limited,Tumut 3 Power Station,NSW1,Generator,Market,Scheduled,Hydro,Water,Renewable,Hydro - Gravity,1-Jun,250,Y,TUMUT3,1500,1800,600,TUMUT3,1500,5,7500,6,Hydro - Gravity,,TRUE,TRUE
Tasmanian Irrigation Pty Ltd,Midlands Power Station,TAS1,Generator,Non-Market,Non-Scheduled,Hydro,Hydro,Renewable,Hydro - Gravity,1,6,N,MIDLDPS1,6,7,0,MIDLDPS1,6,5,30,1,Hydro - Gravity,,TRUE,TRUE
CS Energy Limited,Wivenhoe Power Station,QLD1,Generator,Market,Scheduled,Hydro,Water,Renewable,Hydro - pump storage,1,250,N,W/HOE#1,250,312,120,W/HOE#1,250,5,1250,1,Hydro - pump storage,,TRUE,TRUE
CS Energy Limited,Wivenhoe Power Station,QLD1,Generator,Market,Scheduled,Hydro,Water,Renewable,Hydro - pump storage,2,250,N,W/HOE#2,250,312,120,W/HOE#2,250,5,1250,1,Hydro - pump storage,,TRUE,TRUE
AGL Hydro Partnership,Kincumber Landfill Site,NSW1,Generator,Market,Non-Scheduled,"Landfill, Biogas","Landfill, Biogas",Renewable,"Landfill, Biogas",1,1.064,N,KINCUM1,1.064,1,0,KINCUM1,1.064,2,2.128,1,"Landfill, Biogas",,TRUE,TRUE
EnergyAustralia Pty Ltd,Hallett Power Station,SA1,Generator,Market,Scheduled,Fossil,Natural Gas / Diesel,Combustion,Open Cycle Gas Turbine (CCGT),1-Apr,16.8,Y,AGLHAL,180,220,44,AGLHAL,180,5,900,12,Open Cycle Gas turbines (OCGT),,FALSE,TRUE
EnergyAustralia Pty Ltd,Hallett Power Station,SA1,Generator,Market,Scheduled,Fossil,Natural Gas / Diesel,Combustion,Open Cycle Gas Turbine (CCGT),5-Jun,25.2,Y,AGLHAL,-,-,0,NA,,5,0,,Open Cycle Gas turbines (OCGT),,#VALUE!,FALSE
EnergyAustralia Pty Ltd,Hallett Power Station,SA1,Generator,Market,Scheduled,Fossil,Natural Gas / Diesel,Combustion,Open Cycle Gas Turbine (CCGT),7-Oct,16.8,Y,AGLHAL,-,-,0,NA,,5,0,,Open Cycle Gas turbines (OCGT),,#VALUE!,FALSE
EnergyAustralia Pty Ltd,Hallett Power Station,SA1,Generator,Market,Scheduled,Fossil,Natural Gas / Diesel,Combustion,Open Cycle Gas Turbine (CCGT),11-Dec,17.9,Y,AGLHAL,-,-,0,NA,,5,0,,Open Cycle Gas turbines (OCGT),,#VALUE!,FALSE
AGL Hydro Partnership,Somerton Power Station,VIC1,Generator,Market,Scheduled,Fossil,Natural Gas,Combustion,Open Cycle Gas turbines (OCGT),1-Apr,40,Y,AGLSOM,160,170,30,AGLSOM,160,5,800,4,Open Cycle Gas turbines (OCGT),,TRUE,TRUE
AGL Hydro Partnership,Townsville Gas Turbine,QLD1,Generator,Market,Scheduled,Fossil,Natural Gas,Combustion,Open Cycle Gas turbines (OCGT),1,160,N,YABULU,160,174,17,YABULU,160,5,800,1,Open Cycle Gas turbines (OCGT),,TRUE,TRUE
AGL Hydro Partnership,Townsville Gas Turbine,QLD1,Generator,Market,Scheduled,Fossil,Natural Gas,Combustion,Open Cycle Gas turbines (OCGT),2,82,N,YABULU2,82,84,10,YABULU2,82,5,410,1,Open Cycle Gas turbines (OCGT),,TRUE,TRUE
AGL Macquarie Pty Limited,Hunter Valley Gas Turbine ,NSW1,Generator,Market,Scheduled,Fossil,Kerosene,Combustion,Open Cycle Gas turbines (OCGT),1-Feb,25,Y,HVGTS,50,50,10,HVGTS,50,5,250,2,Open Cycle Gas turbines (OCGT),,TRUE,TRUE
Aurora Energy (Tamar Valley) Pty Ltd trading as AETV Power,Bairnsdale Power Station,VIC1,Generator,Market,Scheduled,Fossil,Natural Gas,Combustion,Open Cycle Gas turbines (OCGT),1,47,N,BDL01,47,47,4,BDL01,47,5,235,1,Open Cycle Gas turbines (OCGT),,TRUE,TRUE
Aurora Energy (Tamar Valley) Pty Ltd trading as AETV Power,Bairnsdale Power Station,VIC1,Generator,Market,Scheduled,Fossil,Natural Gas,Combustion,Open Cycle Gas turbines (OCGT),2,47,N,BDL02,47,47,4,BDL02,47,5,235,1,Open Cycle Gas turbines (OCGT),,TRUE,TRUE
Aurora Energy (Tamar Valley) Pty Ltd trading as AETV Power,Bell Bay Three Power Station,TAS1,Generator,Market,Scheduled,Fossil,Natural Gas,Combustion,Open Cycle Gas turbines (OCGT),1,35,N,BBTHREE1,35,49,10,BBTHREE1,35,5,175,1,Open Cycle Gas turbines (OCGT),,TRUE,TRUE
Aurora Energy (Tamar Valley) Pty Ltd trading as AETV Power,Bell Bay Three Power Station,TAS1,Generator,Market,Scheduled,Fossil,Natural Gas,Combustion,Open Cycle Gas turbines (OCGT),2,35,N,BBTHREE2,35,49,10,BBTHREE2,35,5,175,1,Open Cycle Gas turbines (OCGT),,TRUE,TRUE
Aurora Energy (Tamar Valley) Pty Ltd trading as AETV Power,Bell Bay Three Power Station,TAS1,Generator,Market,Scheduled,Fossil,Natural Gas,Combustion,Open Cycle Gas turbines (OCGT),3,35,N,BBTHREE3,35,49,10,BBTHREE3,35,5,175,1,Open Cycle Gas turbines (OCGT),,TRUE,TRUE
Aurora Energy (Tamar Valley) Pty Ltd trading as AETV Power,Tamar Valley Peaking  Power Station,TAS1,Generator,Market,Scheduled,Fossil,Natural Gas,Combustion,Open Cycle Gas turbines (OCGT),1,58,N,TVPP104,58,58,10,TVPP104,58,5,290,1,Open Cycle Gas turbines (OCGT),,TRUE,TRUE
Braemar Power Project Pty Ltd,Braemar Power Station ,QLD1,Generator,Market,Scheduled,Fossil,Coal Seam Methane,Combustion,Open Cycle Gas turbines (OCGT),1,168,N,BRAEMAR1,168,173,43,BRAEMAR1,168,5,840,1,Open Cycle Gas turbines (OCGT),,TRUE,TRUE
Braemar Power Project Pty Ltd,Braemar Power Station ,QLD1,Generator,Market,Scheduled,Fossil,Coal Seam Methane,Combustion,Open Cycle Gas turbines (OCGT),2,168,N,BRAEMAR2,168,173,43,BRAEMAR2,168,5,840,1,Open Cycle Gas turbines (OCGT),,TRUE,TRUE
Braemar Power Project Pty Ltd,Braemar Power Station ,QLD1,Generator,Market,Scheduled,Fossil,Coal Seam Methane,Combustion,Open Cycle Gas turbines (OCGT),3,168,N,BRAEMAR3,168,173,43,BRAEMAR3,168,5,840,1,Open Cycle Gas turbines (OCGT),,TRUE,TRUE
Ecogen Energy Pty Ltd,"Jeeralang ""A"" Power Station",VIC1,Generator,Market,Scheduled,Fossil,Natural Gas,Combustion,Open Cycle Gas turbines (OCGT),1,51,N,JLA01,51,65,23,JLA01,51,5,255,1,Open Cycle Gas turbines (OCGT),,TRUE,TRUE
Ecogen Energy Pty Ltd,"Jeeralang ""A"" Power Station",VIC1,Generator,Market,Scheduled,Fossil,Natural Gas,Combustion,Open Cycle Gas turbines (OCGT),2,51,N,JLA02,51,65,23,JLA02,51,5,255,1,Open Cycle Gas turbines (OCGT),,TRUE,TRUE
Ecogen Energy Pty Ltd,"Jeeralang ""A"" Power Station",VIC1,Generator,Market,Scheduled,Fossil,Natural Gas,Combustion,Open Cycle Gas turbines (OCGT),3,51,N,JLA03,51,65,23,JLA03,51,5,255,1,Open Cycle Gas turbines (OCGT),,TRUE,TRUE
Ecogen Energy Pty Ltd,"Jeeralang ""A"" Power Station",VIC1,Generator,Market,Scheduled,Fossil,Natural Gas,Combustion,Open Cycle Gas turbines (OCGT),4,51,N,JLA04,51,65,23,JLA04,51,5,255,1,Open Cycle Gas turbines (OCGT),,TRUE,TRUE
Ecogen Energy Pty Ltd,"Jeeralang ""B"" Power Station",VIC1,Generator,Market,Scheduled,Fossil,Natural Gas,Combustion,Open Cycle Gas turbines (OCGT),1,76,N,JLB01,76,100,20,JLB01,76,5,380,1,Open Cycle Gas turbines (OCGT),,TRUE,TRUE
Ecogen Energy Pty Ltd,"Jeeralang ""B"" Power Station",VIC1,Generator,Market,Scheduled,Fossil,Natural Gas,Combustion,Open Cycle Gas turbines (OCGT),2,76,N,JLB02,76,100,20,JLB02,76,5,380,1,Open Cycle Gas turbines (OCGT),,TRUE,TRUE
Ecogen Energy Pty Ltd,"Jeeralang ""B"" Power Station",VIC1,Generator,Market,Scheduled,Fossil,Natural Gas,Combustion,Open Cycle Gas turbines (OCGT),3,76,N,JLB03,76,100,20,JLB03,76,5,380,1,Open Cycle Gas turbines (OCGT),,TRUE,TRUE
ERM Power Retail Pty Ltd,Oakey Power Station,QLD1,Generator,Market,Scheduled,Fossil,Natural Gas,Combustion,Open Cycle Gas turbines (OCGT),1,141,N,OAKEY1,141,171,30,OAKEY1,141,5,705,1,Open Cycle Gas turbines (OCGT),,TRUE,TRUE
ERM Power Retail Pty Ltd,Oakey Power Station,QLD1,Generator,Market,Scheduled,Fossil,Natural Gas,Combustion,Open Cycle Gas turbines (OCGT),2,141,N,OAKEY2,141,171,30,OAKEY2,141,5,705,1,Open Cycle Gas turbines (OCGT),,TRUE,TRUE
Essential Energy,Broken Hill Gas Turbines,NSW1,Generator,Market,Non-Scheduled,Fossil,Diesel,Combustion,Open Cycle Gas turbines (OCGT),1-Feb,25,N,GB01,50,50,0,GB01,50,5,250,2,Open Cycle Gas turbines (OCGT),,TRUE,TRUE
NewGen Braemar 2 Partnership,Braemar 2 Power Station,QLD1,Generator,Market,Scheduled,Fossil,Coal Seam Methane,Combustion,Open Cycle Gas turbines (OCGT),5,173,N,BRAEMAR5,173,173,35,BRAEMAR5,173,5,865,1,Open Cycle Gas turbines (OCGT),,TRUE,TRUE
NewGen Braemar 2 Partnership,Braemar 2 Power Station,QLD1,Generator,Market,Scheduled,Fossil,Coal Seam Methane,Combustion,Open Cycle Gas turbines (OCGT),6,173,N,BRAEMAR6,173,173,35,BRAEMAR6,173,5,865,1,Open Cycle Gas turbines (OCGT),,TRUE,TRUE
NewGen Braemar 2 Partnership,Braemar 2 Power Station,QLD1,Generator,Market,Scheduled,Fossil,Coal Seam Methane,Combustion,Open Cycle Gas turbines (OCGT),7,173,N,BRAEMAR7,173,173,35,BRAEMAR7,173,5,865,1,Open Cycle Gas turbines (OCGT),,TRUE,TRUE
Origin Energy Electricity Limited,Ladbroke Grove Power Station,SA1,Generator,Market,Scheduled,Fossil,Natural Gas,Combustion,Open Cycle Gas turbines (OCGT),1,40,N,LADBROK1,40,50,10,LADBROK1,40,5,200,1,Open Cycle Gas turbines (OCGT),,TRUE,TRUE
Origin Energy Electricity Limited,Ladbroke Grove Power Station,SA1,Generator,Market,Scheduled,Fossil,Natural Gas,Combustion,Open Cycle Gas turbines (OCGT),2,40,N,LADBROK2,40,50,10,LADBROK2,40,5,200,1,Open Cycle Gas turbines (OCGT),,TRUE,TRUE
Origin Energy Electricity Limited,Mortlake Power Station Units,VIC1,Generator,Market,Scheduled,Fossil,Natural Gas,Combustion,Open Cycle Gas turbines (OCGT),11,283,N,MORTLK11,283,281,13,MORTLK11,283,5,1415,1,Open Cycle Gas turbines (OCGT),,TRUE,TRUE
Origin Energy Electricity Limited,Mortlake Power Station Units,VIC1,Generator,Market,Scheduled,Fossil,Natural Gas,Combustion,Open Cycle Gas turbines (OCGT),12,283,N,MORTLK12,283,281,13,MORTLK12,283,5,1415,1,Open Cycle Gas turbines (OCGT),,TRUE,TRUE
Origin Energy Electricity Limited,Mt Stuart Power Station,QLD1,Generator,Market,Scheduled,Fossil,Kerosene,Combustion,Open Cycle Gas turbines (OCGT),1,146,N,MSTUART1,146,152,31,MSTUART1,146,5,730,1,Open Cycle Gas turbines (OCGT),,TRUE,TRUE
Origin Energy Electricity Limited,Mt Stuart Power Station,QLD1,Generator,Market,Scheduled,Fossil,Kerosene,Combustion,Open Cycle Gas turbines (OCGT),2,146,N,MSTUART2,146,152,31,MSTUART2,146,5,730,1,Open Cycle Gas turbines (OCGT),,TRUE,TRUE
Origin Energy Electricity Limited,Mt Stuart Power Station,QLD1,Generator,Market,Scheduled,Fossil,Kerosene,Combustion,Open Cycle Gas turbines (OCGT),3,131,N,MSTUART3,131,139,28,MSTUART3,131,5,655,1,Open Cycle Gas turbines (OCGT),,TRUE,TRUE
Origin Energy Electricity Limited,Quarantine Power Station,SA1,Generator,Market,Scheduled,Fossil,Natural Gas,Combustion,Open Cycle Gas turbines (OCGT),1,24,N,QPS1,24,25,5,QPS1,24,5,120,1,Open Cycle Gas turbines (OCGT),,TRUE,TRUE
Origin Energy Electricity Limited,Quarantine Power Station,SA1,Generator,Market,Scheduled,Fossil,Natural Gas,Combustion,Open Cycle Gas turbines (OCGT),2,24,N,QPS2,24,25,5,QPS2,24,5,120,1,Open Cycle Gas turbines (OCGT),,TRUE,TRUE
Origin Energy Electricity Limited,Quarantine Power Station,SA1,Generator,Market,Scheduled,Fossil,Natural Gas,Combustion,Open Cycle Gas turbines (OCGT),3,24,N,QPS3,24,25,5,QPS3,24,5,120,1,Open Cycle Gas turbines (OCGT),,TRUE,TRUE
Origin Energy Electricity Limited,Quarantine Power Station,SA1,Generator,Market,Scheduled,Fossil,Natural Gas,Combustion,Open Cycle Gas turbines (OCGT),4,24,N,QPS4,24,25,5,QPS4,24,5,120,1,Open Cycle Gas turbines (OCGT),,TRUE,TRUE
Origin Energy Electricity Limited,Quarantine Power Station,SA1,Generator,Market,Scheduled,Fossil,Natural Gas,Combustion,Open Cycle Gas turbines (OCGT),5,128,N,QPS5,128,128,26,QPS5,128,5,640,1,Open Cycle Gas turbines (OCGT),,TRUE,TRUE
Origin Energy Electricity Limited,Roma Gas Turbine Station,QLD1,Generator,Market,Scheduled,Fossil,Natural Gas,Combustion,Open Cycle Gas turbines (OCGT),7,40,N,ROMA_7,40,42,9,ROMA_7,40,5,200,1,Open Cycle Gas turbines (OCGT),,TRUE,TRUE
Origin Energy Electricity Limited,Roma Gas Turbine Station,QLD1,Generator,Market,Scheduled,Fossil,Natural Gas,Combustion,Open Cycle Gas turbines (OCGT),8,40,N,ROMA_8,40,42,9,ROMA_8,40,5,200,1,Open Cycle Gas turbines (OCGT),,TRUE,TRUE
Origin Energy Uranquinty Power Pty Ltd,Uranquinty Power Station ,NSW1,Generator,Market,Scheduled,Fossil,Natural Gas,Combustion,Open Cycle Gas turbines (OCGT),1,166,N,URANQ11,166,166,34,URANQ11,166,5,830,1,Open Cycle Gas turbines (OCGT),,TRUE,TRUE
Origin Energy Uranquinty Power Pty Ltd,Uranquinty Power Station ,NSW1,Generator,Market,Scheduled,Fossil,Natural Gas,Combustion,Open Cycle Gas turbines (OCGT),2,166,N,URANQ12,166,166,34,URANQ12,166,5,830,1,Open Cycle Gas turbines (OCGT),,TRUE,TRUE
Origin Energy Uranquinty Power Pty Ltd,Uranquinty Power Station ,NSW1,Generator,Market,Scheduled,Fossil,Natural Gas,Combustion,Open Cycle Gas turbines (OCGT),3,166,N,URANQ13,166,166,34,URANQ13,166,5,830,1,Open Cycle Gas turbines (OCGT),,TRUE,TRUE
Origin Energy Uranquinty Power Pty Ltd,Uranquinty Power Station ,NSW1,Generator,Market,Scheduled,Fossil,Natural Gas,Combustion,Open Cycle Gas turbines (OCGT),4,166,N,URANQ14,166,166,34,URANQ14,166,5,830,1,Open Cycle Gas turbines (OCGT),,TRUE,TRUE
Snowy Hydro Limited,Colongra Power Station,NSW1,Generator,Market,Scheduled,Fossil,Natural Gas,Combustion,Open Cycle Gas turbines (OCGT),1,181,N,CG1,181,181,34,CG1,181,5,905,1,Open Cycle Gas turbines (OCGT),,TRUE,TRUE
Snowy Hydro Limited,Colongra Power Station,NSW1,Generator,Market,Scheduled,Fossil,Natural Gas,Combustion,Open Cycle Gas turbines (OCGT),2,181,N,CG2,181,181,34,CG2,181,5,905,1,Open Cycle Gas turbines (OCGT),,TRUE,TRUE
Snowy Hydro Limited,Colongra Power Station,NSW1,Generator,Market,Scheduled,Fossil,Natural Gas,Combustion,Open Cycle Gas turbines (OCGT),3,181,N,CG3,181,181,34,CG3,181,5,905,1,Open Cycle Gas turbines (OCGT),,TRUE,TRUE
Snowy Hydro Limited,Colongra Power Station,NSW1,Generator,Market,Scheduled,Fossil,Natural Gas,Combustion,Open Cycle Gas turbines (OCGT),4,181,N,CG4,181,181,34,CG4,181,5,905,1,Open Cycle Gas turbines (OCGT),,TRUE,TRUE
Snowy Hydro Limited,Laverton North Power Station,VIC1,Generator,Market,Scheduled,Fossil,Natural Gas,Combustion,Open Cycle Gas turbines (OCGT),1,156,N,LNGS1,156,172,27,LNGS1,156,5,780,1,Open Cycle Gas turbines (OCGT),,TRUE,TRUE
Snowy Hydro Limited,Laverton North Power Station,VIC1,Generator,Market,Scheduled,Fossil,Natural Gas,Combustion,Open Cycle Gas turbines (OCGT),2,156,N,LNGS2,156,172,27,LNGS2,156,5,780,1,Open Cycle Gas turbines (OCGT),,TRUE,TRUE
Snowy Hydro Limited,Valley Power Peaking Facility,VIC1,Generator,Market,Scheduled,Fossil,Natural Gas,Combustion,Open Cycle Gas turbines (OCGT),1,50,N,VPGS1,50,60,11,VPGS1,50,5,250,1,Open Cycle Gas turbines (OCGT),,TRUE,TRUE
Snowy Hydro Limited,Valley Power Peaking Facility,VIC1,Generator,Market,Scheduled,Fossil,Natural Gas,Combustion,Open Cycle Gas turbines (OCGT),2,50,N,VPGS2,50,60,11,VPGS2,50,5,250,1,Open Cycle Gas turbines (OCGT),,TRUE,TRUE
Snowy Hydro Limited,Valley Power Peaking Facility,VIC1,Generator,Market,Scheduled,Fossil,Natural Gas,Combustion,Open Cycle Gas turbines (OCGT),3,50,N,VPGS3,50,60,11,VPGS3,50,5,250,1,Open Cycle Gas turbines (OCGT),,TRUE,TRUE
Snowy Hydro Limited,Valley Power Peaking Facility,VIC1,Generator,Market,Scheduled,Fossil,Natural Gas,Combustion,Open Cycle Gas turbines (OCGT),4,50,N,VPGS4,50,60,11,VPGS4,50,5,250,1,Open Cycle Gas turbines (OCGT),,TRUE,TRUE
Snowy Hydro Limited,Valley Power Peaking Facility,VIC1,Generator,Market,Scheduled,Fossil,Natural Gas,Combustion,Open Cycle Gas turbines (OCGT),5,50,N,VPGS5,50,60,11,VPGS5,50,5,250,1,Open Cycle Gas turbines (OCGT),,TRUE,TRUE
Snowy Hydro Limited,Valley Power Peaking Facility,VIC1,Generator,Market,Scheduled,Fossil,Natural Gas,Combustion,Open Cycle Gas turbines (OCGT),6,50,N,VPGS6,50,60,11,VPGS6,50,5,250,1,Open Cycle Gas turbines (OCGT),,TRUE,TRUE
Stanwell Corporation Limited,Mackay Gas Turbine,QLD1,Generator,Market,Scheduled,Fossil,Diesel,Combustion,Open Cycle Gas turbines (OCGT),1,30,N,MACKAYGT,30,34,16,MACKAYGT,30,5,150,1,Open Cycle Gas turbines (OCGT),,TRUE,TRUE
Stanwell Corporation Limited,Tarong Power Station,QLD1,Generator,Market,Non-Scheduled,Fossil,Natural Gas,Combustion,Open Cycle Gas turbines (OCGT),5,15,N,-,15,0,0,NA,,5,0,1,Open Cycle Gas turbines (OCGT),,TRUE,FALSE
Synergen Power Pty Limited,Dry Creek Gas Turbine Station,SA1,Generator,Market,Scheduled,Fossil,Natural Gas,Combustion,Open Cycle Gas turbines (OCGT),1,52,N,DRYCGT1,52,57,12,DRYCGT1,52,5,260,1,Open Cycle Gas turbines (OCGT),,TRUE,TRUE
Synergen Power Pty Limited,Dry Creek Gas Turbine Station,SA1,Generator,Market,Scheduled,Fossil,Natural Gas,Combustion,Open Cycle Gas turbines (OCGT),2,52,N,DRYCGT2,52,57,12,DRYCGT2,52,5,260,1,Open Cycle Gas turbines (OCGT),,TRUE,TRUE
Synergen Power Pty Limited,Dry Creek Gas Turbine Station,SA1,Generator,Market,Scheduled,Fossil,Natural Gas,Combustion,Open Cycle Gas turbines (OCGT),3,52,N,DRYCGT3,52,57,12,DRYCGT3,52,5,260,1,Open Cycle Gas turbines (OCGT),,TRUE,TRUE
Synergen Power Pty Limited,Mintaro Gas Turbine Station,SA1,Generator,Market,Scheduled,Fossil,Natural Gas,Combustion,Open Cycle Gas turbines (OCGT),1,90,N,MINTARO,90,105,5,MINTARO,90,5,450,1,Open Cycle Gas turbines (OCGT),,TRUE,TRUE
Synergen Power Pty Limited,Port Lincoln Gas Turbine,SA1,Generator,Market,Scheduled,Fossil,Diesel,Combustion,Open Cycle Gas turbines (OCGT),1-Feb,25,Y,POR01,50,55,6,POR01,50,5,250,2,Open Cycle Gas turbines (OCGT),,TRUE,TRUE
Synergen Power Pty Limited,Port Lincoln Gas Turbine,SA1,Generator,Market,Scheduled,Fossil,Diesel,Combustion,Open Cycle Gas turbines (OCGT),3,23.5,N,POR03,23.5,23,5,POR03,23.5,5,117.5,1,Open Cycle Gas turbines (OCGT),,TRUE,TRUE
Synergen Power Pty Limited,Snuggery Power Station,SA1,Generator,Market,Scheduled,Fossil,Diesel,Combustion,Open Cycle Gas turbines (OCGT),1-Mar,21,Y,SNUG1,63,69,3,SNUG1,63,5,315,3,Open Cycle Gas turbines (OCGT),,TRUE,TRUE
AGL Hydro Partnership,Broken Hill Solar Plant,NSW1,Generator,Market,Semi-Scheduled,Solar,Solar,Renewable,Photovoltaic Flat Panel,.1-80,0.672,Y,BROKENH1,53.76,53.76,0,BROKENH1,53.76,0,0,6,Photovoltaic Flat Panel,,FALSE,TRUE
AGL Hydro Partnership,Nyngan Solar Plant,NSW1,Generator,Market,Semi-Scheduled,Solar,Solar PV,Renewable,Photovoltaic Flat Panel,1-154,0.66,N,NYNGAN1,102,102,20,NYNGAN1,102,0,0,154,Photovoltaic Flat Panel,,FALSE,TRUE
FRV Royalla Solar Farm Pty Ltd,Royalla Solar Farm,ACT1,Generator,Market,Non-Scheduled,Solar,Solar PV,Renewable,Photovoltaic Flat Panel,Jan-20,1,N,ROYALLA1,20,20,0,ROYALLA1,20,0,0,20,Photovoltaic Flat Panel,,TRUE,TRUE
Infigen Energy  Holdings Pty Ltd,Capital East Solar Farm,NSW1,Generator,Market,Non-Scheduled,Solar,Solar PV,Renewable,PV - Panels,1-Feb,0.013,N,CESF1,1,1,0,CESF1,1,0,0,76.92,PV - Panels,,TRUE,TRUE
Infigen Energy  Holdings Pty Ltd,Capital East Solar Farm,NSW1,Generator,Market,Non-Scheduled,Solar,Solar PV,Renewable,PV - Panels,3,0.011,N,CESF1,-,-,0,NA,,0,0,,PV - Panels,,#VALUE!,FALSE
Infigen Energy  Holdings Pty Ltd,Capital East Solar Farm,NSW1,Generator,Market,Non-Scheduled,Solar,Solar PV,Renewable,PV - Panels,4,0.168,N,CESF1,-,-,0,NA,,0,0,,PV - Panels,,#VALUE!,FALSE
Pacific Hydro Investments Pty Ltd,Eildon Pondage Hydro Power Station,VIC1,Generator,Market,Non-Scheduled,Hydro,Water,Renewable,Run of River,3,4.5,N,EILDON3,5,5,0,EILDON3,5,5,25,1,Run of River,,FALSE,TRUE
Pacific Hydro Investments Pty Ltd,Glenmaggie Hydro Power Station,VIC1,Generator,Market,Non-Scheduled,Hydro,Water,Renewable,Run of River,1,3.8,N,GLENMAG1,4,4,0,GLENMAG1,4,5,20,1,Run of River,,FALSE,TRUE
Pacific Hydro Investments Pty Ltd,The Drop Hydro Unit 1,NSW1,Generator,Market,Non-Scheduled,Hydro,Water,Renewable,Run of River,1,2.5,N,THEDROP1,3,3,0,THEDROP1,3,5,15,1,Run of River,,FALSE,TRUE
Pacific Hydro Investments Pty Ltd,William Hovell Hydro Power Station,VIC1,Generator,Market,Non-Scheduled,Hydro,Water,Renewable,Run of River,1,1.5,N,WILLHOV1,2,2,0,WILLHOV1,2,5,10,1,Run of River,,FALSE,TRUE
Stanwell Corporation Limited,Barron Gorge Power Station,QLD1,Generator,Market,Scheduled,Hydro,Water,Renewable,Run of River,1,30,N,BARRON-1,30,33,4,BARRON-1,30,5,150,1,Run of River,,TRUE,TRUE
Stanwell Corporation Limited,Barron Gorge Power Station,QLD1,Generator,Market,Scheduled,Hydro,Water,Renewable,Run of River,2,30,N,BARRON-2,30,33,4,BARRON-2,30,5,150,1,Run of River,,TRUE,TRUE
Stanwell Corporation Limited,Kareeya Power Station,QLD1,Generator,Market,Scheduled,Hydro,Water,Renewable,Run of River,1,21,N,KAREEYA1,21,22,5,KAREEYA1,21,5,105,1,Run of River,,TRUE,TRUE
Stanwell Corporation Limited,Kareeya Power Station,QLD1,Generator,Market,Scheduled,Hydro,Water,Renewable,Run of River,2,21,N,KAREEYA2,21,22,5,KAREEYA2,21,5,105,1,Run of River,,TRUE,TRUE
Stanwell Corporation Limited,Kareeya Power Station,QLD1,Generator,Market,Scheduled,Hydro,Water,Renewable,Run of River,3,18,N,KAREEYA3,18,22,5,KAREEYA3,18,5,90,1,Run of River,,TRUE,TRUE
Stanwell Corporation Limited,Kareeya Power Station,QLD1,Generator,Market,Scheduled,Hydro,Water,Renewable,Run of River,4,21,N,KAREEYA4,21,22,5,KAREEYA4,21,5,105,1,Run of River,,TRUE,TRUE
Stanwell Corporation Limited,Kareeya Power Station,QLD1,Generator,Market,Non-Scheduled,Hydro,Water,Renewable,Run of River,5,7,N,KAREEYA5,7,7,0,KAREEYA5,7,5,35,1,Run of River,,TRUE,TRUE
Stanwell Corporation Limited,Wivenhoe Small Hydro,QLD1,Generator,Market,Non-Scheduled,Hydro,Water,Renewable,Run of River,1,4.7,N,WIVENSH,4.7,5,0,WIVENSH,4.7,5,23.5,1,Run of River,,TRUE,TRUE
EDL LFG (Vic) Pty Ltd,Brooklyn Landfill Gas Power Station,VIC1,Generator,Market,Non-Scheduled,Renewable,Landfill Gas,Combustion,Spark Ignition,2,1.03,N,-,0,0,0,NA,,0,0,,Spark Ignition,,TRUE,FALSE
EDL LFG (Vic) Pty Ltd,Brooklyn Landfill Gas Power Station,VIC1,Generator,Market,Non-Scheduled,Renewable,Landfill Gas,Combustion,Spark Ignition,3,0.65,N,-,0,0,0,NA,,0,0,,Spark Ignition,,TRUE,FALSE
EDL LFG (Vic) Pty Ltd,Brooklyn Landfill Gas Power Station,VIC1,Generator,Market,Non-Scheduled,Renewable,Landfill Gas,Combustion,Spark Ignition,1,1.15,N,BROOKLYN,2.83,2.83,0,BROOKLYN,2.83,0,0,1,Spark Ignition,,FALSE,TRUE
EDL LFG (Vic) Pty Ltd,Claytons Landfill Gas Power Station,VIC1,Generator,Market,Non-Scheduled,Renewable,Landfill Gas,Combustion,Spark Ignition,1-Nov,1,N,CLAYTON,11,11,0,CLAYTON,11,0,0,11,Spark Ignition,,TRUE,TRUE
EDL Projects (Australia) Pty Ltd,Moranbah North Power Station,QLD1,Generator,Market,Non-Scheduled,Renewable,Waste Coal Mine Gas,Combustion,Spark Ignition,Jan-21,3.02,Y,MBAHNTH,63,57,0,MBAHNTH,63,0,0,21,Spark Ignition,,FALSE,TRUE
EDL Group Operations Pty Ltd,Appin Power Plant,NSW1,Generator,Non-Market,Non-Scheduled,Fossil,Coal Seam Methane,Combustion,Spark Ignition Reciprocating Engine,Jan-54,1.03,N,-,55.6,55,0,NA,,0,0,,Spark Ignition Reciprocating Engine,,FALSE,FALSE
EDL Group Operations Pty Ltd,Berwick Power Plant,VIC1,Generator,Non-Market,Non-Scheduled,Renewable/ Biomass / Waste,Landfill Methane / Landfill Gas,Combustion,Spark Ignition Reciprocating Engine,1-May,1.44,N,-,7.2,7,0,NA,,0,0,,Spark Ignition Reciprocating Engine,,FALSE,FALSE
EDL Group Operations Pty Ltd,Broadmeadows Power Plant,VIC1,Generator,Non-Market,Non-Scheduled,Renewable/ Biomass / Waste,Landfill Methane / Landfill Gas,Combustion,Spark Ignition Reciprocating Engine,1-Jul,1.03,N,-,7.2,7,0,NA,,0,0,,Spark Ignition Reciprocating Engine,,FALSE,FALSE
EDL Group Operations Pty Ltd,Tower Power Plant,NSW1,Generator,Non-Market,Non-Scheduled,Fossil,Coal Seam Methane,Combustion,Spark Ignition Reciprocating Engine,Jan-40,1.03,N,-,41.2,41,0,NA,,0,0,,Spark Ignition Reciprocating Engine,,FALSE,FALSE
EDL LFG (NSW) Pty Ltd,Grange Avenue Landfill Gas Power Station,NSW1,Generator,Market,Non-Scheduled,Renewable/ Biomass / Waste,Landfill Methane / Landfill Gas,Combustion,Spark Ignition Reciprocating Engine,1,1.26,N,GRANGEAV,1.26,1.26,0,GRANGEAV,1.26,0,0,1,Spark Ignition Reciprocating Engine,,TRUE,TRUE
EDL LFG (NSW) Pty Ltd,Jacks Gully Landfill Gas Power Station,NSW1,Generator,Market,Non-Scheduled,Renewable/ Biomass / Waste,Landfill Methane / Landfill Gas,Combustion,Spark Ignition Reciprocating Engine,2,1.15,N,JACKSGUL,2.3,2.3,0,JACKSGUL,2.3,0,0,2,Spark Ignition Reciprocating Engine,,TRUE,TRUE
EDL LFG (Qld) Pty Ltd,Browns Plains Land Fill Gas Power Station,QLD1,Generator,Market,Non-Scheduled,Renewable/ Biomass / Waste,Landfill Methane / Landfill Gas,Combustion,Spark Ignition Reciprocating Engine,1-Feb,1.9,N,BPLANDF1,2.18,2.18,0,BPLANDF1,2.18,0,0,2,Spark Ignition Reciprocating Engine,,FALSE,TRUE
EDL LFG (SA) Pty Ltd,Highbury Landfill Gas Power Station Unit 1,SA1,Generator,Market,Non-Scheduled,Renewable/ Biomass / Waste,Landfill Methane / Landfill Gas,Combustion,Spark Ignition Reciprocating Engine,1,1.03,N,HIGHBRY1,2,2,0,HIGHBRY1,2,0,0,1,Spark Ignition Reciprocating Engine,,FALSE,TRUE
EDL LFG (SA) Pty Ltd,Pedler Creek Landfill Gas Power Station Units 1-3,SA1,Generator,Market,Non-Scheduled,Renewable/ Biomass / Waste,Landfill Methane / Landfill Gas,Combustion,Spark Ignition Reciprocating Engine,1-Mar,1.03,N,PEDLER1,3,3,0,PEDLER1,3,0,0,3,Spark Ignition Reciprocating Engine,,FALSE,TRUE
EDL LFG (SA) Pty Ltd,Tea Tree Gully Landfill Gas Power Station Unit 1,SA1,Generator,Market,Non-Scheduled,Renewable/ Biomass / Waste,Landfill Methane / Landfill Gas,Combustion,Spark Ignition Reciprocating Engine,1,1.03,N,TEATREE1,1,1,0,TEATREE1,1,0,0,1,Spark Ignition Reciprocating Engine,,FALSE,TRUE
EDL LFG (SA) Pty Ltd,Wingfield 1 Landfill Gas Power Station Units 1-4,SA1,Generator,Market,Non-Scheduled,Renewable/ Biomass / Waste,Landfill Methane / Landfill Gas,Combustion,Spark Ignition Reciprocating Engine,1-Apr,1.03,N,WING1_1,5,5,0,WING1_1,5,0,0,4,Spark Ignition Reciprocating Engine,,FALSE,TRUE
EDL LFG (SA) Pty Ltd,Wingfield 2 Landfill Gas Power Station Units 1-4,SA1,Generator,Market,Non-Scheduled,Renewable/ Biomass / Waste,Landfill Methane / Landfill Gas,Combustion,Spark Ignition Reciprocating Engine,1-Apr,1.03,N,WING2_1,5,5,0,WING2_1,5,0,0,4,Spark Ignition Reciprocating Engine,,FALSE,TRUE
EDL LFG (Vic) Pty Ltd,Broadmeadows Landfill Gas Power Station,VIC1,Generator,Market,Non-Scheduled,Renewable/ Biomass / Waste,Landfill Methane / Landfill Gas,Combustion,Spark Ignition Reciprocating Engine,1-May,1,N,BROADMDW,5,5,0,BROADMDW,5,0,0,5,Spark Ignition Reciprocating Engine,,TRUE,TRUE
EDL LFG (VIC) Pty Ltd,Corio Landfill Gas Power Station,VIC1,Generator,Market,Non-Scheduled,Renewable/ Biomass / Waste,Landfill Methane / Landfill Gas,Combustion,Spark Ignition Reciprocating Engine,1,1,N,CORIO1,1,1,0,CORIO1,1,0,0,1,Spark Ignition Reciprocating Engine,,TRUE,TRUE
EDL LFG (VIC) Pty Ltd,Springvale Landfill Gas Power Station,VIC1,Generator,Market,Non-Scheduled,Renewable/ Biomass / Waste,Landfill Methane / Landfill Gas,Combustion,Spark Ignition Reciprocating Engine,1-Apr,1.05,N,SVALE1,4.2,4.2,0,SVALE1,4.2,0,0,4,Spark Ignition Reciprocating Engine,,TRUE,TRUE
Lumo Energy Australia Pty Ltd,Hallam Road Renewable Energy Facility,VIC1,Generator,Market,Non-Scheduled,Renewable/ Biomass / Waste,Landfill Methane / Landfill Gas,Combustion,Spark Ignition Reciprocating Engine,1-Aug,1.123,N,HALLAMRD1,8.984,9,0,HALLAMRD1,8.984,0,0,,Spark Ignition Reciprocating Engine,,FALSE,TRUE
Lumo Energy Australia Pty Ltd,Wollert Renewable Energy Facility,VIC1,Generator,Market,Non-Scheduled,Renewable/ Biomass / Waste,Landfill Methane / Landfill Gas,Combustion,Spark Ignition Reciprocating Engine,1-Jun,1.123,N,WOLLERT1,6.738,7,0,WOLLERT1,6.738,0,0,6,Spark Ignition Reciprocating Engine,,TRUE,TRUE
NovaPower Pty Ltd,Taralgon Network Support Station,VIC1,Generator,Market,Non-Scheduled,Fossil,Natural Gas,Combustion,Spark Ignition Reciprocating Engine,1-May,2,N,TGNSS1,10,10,0,TGNSS1,10,0,0,5,Spark Ignition Reciprocating Engine,,TRUE,TRUE
SANTOS NSW (NARRABRI POWER) PTY LTD ,Wilga Park A Power Station,NSW1,Generator,Market,Non-Scheduled,Fossil,Coal Seam Methane,Combustion,Spark Ignition Reciprocating Engine,6,1.67 (average),N,WILGAPK,10,10,0,WILGAPK,10,0,0,1,Spark Ignition Reciprocating Engine,,#VALUE!,TRUE
SANTOS NSW (NARRABRI POWER) PTY LTD ,Wilga Park B Power Station,NSW1,Generator,Market,Non-Scheduled,Fossil,Coal Seam Methane,Combustion,Spark Ignition Reciprocating Engine,2,3,N,WILGB01,6,6,0,WILGB01,6,0,0,2,Spark Ignition Reciprocating Engine,,TRUE,TRUE
Cape Byron Management Pty Ltd,Broadwater Power Station Units 1 and 2,NSW1,Generator,Market,Non-Scheduled,Biomass,Bagasse,Combustion,Steam - sub critical,2,8,N,-,-,-,0,NA,,6,0,,Steam Sub-Critical,,#VALUE!,FALSE
Cape Byron Management Pty Ltd,Broadwater Power Station Units 1 and 2,NSW1,Generator,Market,Non-Scheduled,Biomass,Bagasse,Combustion,Steam - sub critical,1,30,N,BWTR1,38,38,0,BWTR1,38,6,228,1,Steam Sub-Critical,,FALSE,TRUE
Cape Byron Management Pty Ltd,Condong Power Station Unit 1,NSW1,Generator,Market,Non-Scheduled,Biomass,Bagasse,Combustion,Steam - sub critical,1,30,N,CONDONG1,30,30,0,CONDONG1,30,6,180,1,Steam Sub-Critical,,TRUE,TRUE
Wilmar Sugar Pty Ltd,Victoria Mill ,QLD1,Generator,Non-Market,Non-Scheduled,Renewable/ Biomass / Waste,Bagasse,Combustion,Steam - Super heated,1,5,N,-,5,5,0,NA,,6,0,1,Steam - Super heated,,TRUE,FALSE
Wilmar Sugar Pty Ltd,Victoria Mill ,QLD1,Generator,Non-Market,Non-Scheduled,Renewable/ Biomass / Waste,Bagasse,Combustion,Steam - Super heated,2,19,N,-,19,19,0,NA,,6,0,1,Steam - Super heated,,TRUE,FALSE
AGL Hydro Partnership,ISIS Central Sugar Mill Co-generation Plant,QLD1,Generator,Market,Non-Scheduled,Renewable/ Biomass / Waste,Bagasse,Combustion,Steam Sub-Critical,1,25,N,ICSM,25,25,0,ICSM,25,6,150,1,Steam Sub-Critical,,TRUE,TRUE
AGL Hydro Partnership,Roghan Road LFG Power Plant,QLD1,Generator,Market,Non-Scheduled,Renewable/ Biomass / Waste,Bagasse,Combustion,Steam Sub-Critical,1,2,N,EDLRGNRD,2,2,0,EDLRGNRD,2,6,12,1,Steam Sub-Critical,,TRUE,TRUE
AGL Hydro Partnership,Suncoast Gold Macadamias,QLD1,Generator,Market,Non-Scheduled,Renewable/ Biomass / Waste,Macadamia Nut Shells,Combustion,Steam Sub-Critical,1,1.5,N,SUNCOAST,1.5,1,0,SUNCOAST,1.5,6,9,1,Steam Sub-Critical,,TRUE,TRUE
AGL Loy Yang Marketing Pty Ltd,Loy Yang A Power Station,VIC1,Generator,Market,Scheduled,Fossil,Brown Coal,Combustion,Steam Sub-Critical,1,560,N,LYA1,560,590,118,LYA1,560,6,3360,1,Steam Sub-Critical,,TRUE,TRUE
AGL Loy Yang Marketing Pty Ltd,Loy Yang A Power Station,VIC1,Generator,Market,Scheduled,Fossil,Brown Coal,Combustion,Steam Sub-Critical,2,530,N,LYA2,530,535,108,LYA2,530,6,3180,1,Steam Sub-Critical,,TRUE,TRUE
AGL Loy Yang Marketing Pty Ltd,Loy Yang A Power Station,VIC1,Generator,Market,Scheduled,Fossil,Brown Coal,Combustion,Steam Sub-Critical,3,560,N,LYA3,560,590,118,LYA3,560,6,3360,1,Steam Sub-Critical,,TRUE,TRUE
AGL Loy Yang Marketing Pty Ltd,Loy Yang A Power Station,VIC1,Generator,Market,Scheduled,Fossil,Brown Coal,Combustion,Steam Sub-Critical,4,560,N,LYA4,560,580,116,LYA4,560,6,3360,1,Steam Sub-Critical,,TRUE,TRUE
AGL Macquarie Pty Limited,Bayswater Power Station,NSW1,Generator,Market,Scheduled,Fossil,Black Coal,Combustion,Steam Sub-Critical,1,660,N,BW01,660,700,140,BW01,660,6,3960,1,Steam Sub-Critical,,TRUE,TRUE
AGL Macquarie Pty Limited,Bayswater Power Station,NSW1,Generator,Market,Scheduled,Fossil,Black Coal,Combustion,Steam Sub-Critical,2,660,N,BW02,660,700,140,BW02,660,6,3960,1,Steam Sub-Critical,,TRUE,TRUE
AGL Macquarie Pty Limited,Bayswater Power Station,NSW1,Generator,Market,Scheduled,Fossil,Black Coal,Combustion,Steam Sub-Critical,3,660,N,BW03,660,700,140,BW03,660,6,3960,1,Steam Sub-Critical,,TRUE,TRUE
AGL Macquarie Pty Limited,Bayswater Power Station,NSW1,Generator,Market,Scheduled,Fossil,Black Coal,Combustion,Steam Sub-Critical,4,660,N,BW04,660,700,140,BW04,660,6,3960,1,Steam Sub-Critical,,TRUE,TRUE
AGL Macquarie Pty Limited,Liddell Power Station,NSW1,Generator,Market,Scheduled,Fossil,Black Coal,Combustion,Steam Sub-Critical,1,500,N,LD01,500,550,110,LD01,500,6,3000,1,Steam Sub-Critical,,TRUE,TRUE
AGL Macquarie Pty Limited,Liddell Power Station,NSW1,Generator,Market,Scheduled,Fossil,Black Coal,Combustion,Steam Sub-Critical,2,500,N,LD02,500,550,110,LD02,500,6,3000,1,Steam Sub-Critical,,TRUE,TRUE
AGL Macquarie Pty Limited,Liddell Power Station,NSW1,Generator,Market,Scheduled,Fossil,Black Coal,Combustion,Steam Sub-Critical,3,500,N,LD03,500,550,110,LD03,500,6,3000,1,Steam Sub-Critical,,TRUE,TRUE
AGL Macquarie Pty Limited,Liddell Power Station,NSW1,Generator,Market,Scheduled,Fossil,Black Coal,Combustion,Steam Sub-Critical,4,500,N,LD04,500,550,110,LD04,500,6,3000,1,Steam Sub-Critical,,TRUE,TRUE
AGL SA Generation Pty Limited ,"Torrens Island Power Station ""A""",SA1,Generator,Market,Scheduled,Fossil,Natural Gas / Fuel Oil,Combustion,Steam Sub-Critical,1,120,N,TORRA1,120,120,20,TORRA1,120,6,720,1,Steam Sub-Critical,,TRUE,TRUE
AGL SA Generation Pty Limited ,"Torrens Island Power Station ""A""",SA1,Generator,Market,Scheduled,Fossil,Natural Gas / Fuel Oil,Combustion,Steam Sub-Critical,2,120,N,TORRA2,120,120,20,TORRA2,120,6,720,1,Steam Sub-Critical,,TRUE,TRUE
AGL SA Generation Pty Limited ,"Torrens Island Power Station ""A""",SA1,Generator,Market,Scheduled,Fossil,Natural Gas / Fuel Oil,Combustion,Steam Sub-Critical,3,120,N,TORRA3,120,120,15,TORRA3,120,6,720,1,Steam Sub-Critical,,TRUE,TRUE
AGL SA Generation Pty Limited ,"Torrens Island Power Station ""A""",SA1,Generator,Market,Scheduled,Fossil,Natural Gas / Fuel Oil,Combustion,Steam Sub-Critical,4,120,N,TORRA4,120,120,15,TORRA4,120,6,720,1,Steam Sub-Critical,,TRUE,TRUE
AGL SA Generation Pty Limited ,"Torrens Island Power Station ""B""",SA1,Generator,Market,Scheduled,Fossil,Natural Gas / Fuel Oil,Combustion,Steam Sub-Critical,1,200,N,TORRB1,200,210,20,TORRB1,200,6,1200,1,Steam Sub-Critical,,TRUE,TRUE
AGL SA Generation Pty Limited ,"Torrens Island Power Station ""B""",SA1,Generator,Market,Scheduled,Fossil,Natural Gas / Fuel Oil,Combustion,Steam Sub-Critical,2,200,N,TORRB2,200,210,20,TORRB2,200,6,1200,1,Steam Sub-Critical,,TRUE,TRUE
AGL SA Generation Pty Limited ,"Torrens Island Power Station ""B""",SA1,Generator,Market,Scheduled,Fossil,Natural Gas / Fuel Oil,Combustion,Steam Sub-Critical,3,200,N,TORRB3,200,210,20,TORRB3,200,6,1200,1,Steam Sub-Critical,,TRUE,TRUE
AGL SA Generation Pty Limited ,"Torrens Island Power Station ""B""",SA1,Generator,Market,Scheduled,Fossil,Natural Gas / Fuel Oil,Combustion,Steam Sub-Critical,4,200,N,TORRB4,200,210,20,TORRB4,200,6,1200,1,Steam Sub-Critical,,TRUE,TRUE
CS Energy Limited,Callide A Power Station,QLD1,Generator,Market,Non-Scheduled,Fossil,Black Coal,Combustion,Steam Sub-Critical,4,30,N,CALL_A_4,30,30,6,CALL_A_4,30,6,180,1,Steam Sub-Critical,,TRUE,TRUE
CS Energy Limited,Callide B Power Station,QLD1,Generator,Market,Scheduled,Fossil,Black Coal,Combustion,Steam Sub-Critical,1,350,N,CALL_B_1,350,385,77,CALL_B_1,350,6,2100,1,Steam Sub-Critical,,TRUE,TRUE
CS Energy Limited,Callide B Power Station,QLD1,Generator,Market,Scheduled,Fossil,Black Coal,Combustion,Steam Sub-Critical,2,350,N,CALL_B_2,350,385,77,CALL_B_2,350,6,2100,1,Steam Sub-Critical,,TRUE,TRUE
CS Energy Limited,Gladstone Power Station,QLD1,Generator,Market,Scheduled,Fossil,Black Coal,Combustion,Steam Sub-Critical,1,280,N,GSTONE1,280,285,57,GSTONE1,280,6,1680,1,Steam Sub-Critical,,TRUE,TRUE
CS Energy Limited,Gladstone Power Station,QLD1,Generator,Market,Scheduled,Fossil,Black Coal,Combustion,Steam Sub-Critical,2,280,N,GSTONE2,280,285,57,GSTONE2,280,6,1680,1,Steam Sub-Critical,,TRUE,TRUE
CS Energy Limited,Gladstone Power Station,QLD1,Generator,Market,Scheduled,Fossil,Black Coal,Combustion,Steam Sub-Critical,3,280,N,GSTONE3,280,285,57,GSTONE3,280,6,1680,1,Steam Sub-Critical,,TRUE,TRUE
CS Energy Limited,Gladstone Power Station,QLD1,Generator,Market,Scheduled,Fossil,Black Coal,Combustion,Steam Sub-Critical,4,280,N,GSTONE4,280,285,57,GSTONE4,280,6,1680,1,Steam Sub-Critical,,TRUE,TRUE
CS Energy Limited,Gladstone Power Station,QLD1,Generator,Market,Scheduled,Fossil,Black Coal,Combustion,Steam Sub-Critical,5,280,N,GSTONE5,280,285,57,GSTONE5,280,6,1680,1,Steam Sub-Critical,,TRUE,TRUE
CS Energy Limited,Gladstone Power Station,QLD1,Generator,Market,Scheduled,Fossil,Black Coal,Combustion,Steam Sub-Critical,6,280,N,GSTONE6,280,285,57,GSTONE6,280,6,1680,1,Steam Sub-Critical,,TRUE,TRUE
Ecogen Energy Pty Ltd,Newport Power Station,VIC1,Generator,Market,Scheduled,Fossil,Natural Gas,Combustion,Steam Sub-Critical,1,500,N,NPS,500,510,20,NPS,500,6,3000,1,Steam Sub-Critical,,TRUE,TRUE
Energy Brix Australia Corporation Pty Ltd,Energy Brix Complex Power Station,VIC1,Generator,Market,Scheduled,Fossil,Brown Coal,Combustion,Steam Sub-Critical,1,24,Y,MOR1,90,90,18,MOR1,90,6,540,3,Steam Sub-Critical,,FALSE,TRUE
Energy Brix Australia Corporation Pty Ltd,Energy Brix Complex Power Station,VIC1,Generator,Market,Scheduled,Fossil,Brown Coal,Combustion,Steam Sub-Critical,3-Apr,33,Y,MOR1,-,-,0,NA,,6,0,,Steam Sub-Critical,,#VALUE!,FALSE
Energy Brix Australia Corporation Pty Ltd,Energy Brix Complex Power Station,VIC1,Generator,Market,Scheduled,Fossil,Brown Coal,Combustion,Steam Sub-Critical,2,30,N,MOR2,30,30,6,MOR2,30,6,180,1,Steam Sub-Critical,,TRUE,TRUE
Energy Brix Australia Corporation Pty Ltd,Energy Brix Complex Power Station,VIC1,Generator,Market,Scheduled,Fossil,Brown Coal,Combustion,Steam Sub-Critical,5,75,N,MOR3,75,75,15,MOR3,75,6,450,1,Steam Sub-Critical,,TRUE,TRUE
EnergyAustralia Pty Ltd,Mt Piper Power Station,NSW1,Generator,Market,Scheduled,Fossil,Black Coal,Combustion,Steam Sub-Critical,1,700,N,MP1,700,700,25,MP1,700,6,4200,1,Steam Sub-Critical,,TRUE,TRUE
EnergyAustralia Pty Ltd,Mt Piper Power Station,NSW1,Generator,Market,Scheduled,Fossil,Black Coal,Combustion,Steam Sub-Critical,2,700,N,MP2,700,700,25,MP2,700,6,4200,1,Steam Sub-Critical,,TRUE,TRUE
EnergyAustralia Yallourn Pty Ltd,Yallourn W Power Station,VIC1,Generator,Market,Scheduled,Fossil,Brown Coal,Combustion,Steam Sub-Critical,1,360,N,YWPS1,360,395,79,YWPS1,360,6,2160,1,Steam Sub-Critical,,TRUE,TRUE
EnergyAustralia Yallourn Pty Ltd,Yallourn W Power Station,VIC1,Generator,Market,Scheduled,Fossil,Brown Coal,Combustion,Steam Sub-Critical,2,360,N,YWPS2,360,380,76,YWPS2,360,6,2160,1,Steam Sub-Critical,,TRUE,TRUE
EnergyAustralia Yallourn Pty Ltd,Yallourn W Power Station,VIC1,Generator,Market,Scheduled,Fossil,Brown Coal,Combustion,Steam Sub-Critical,3,380,N,YWPS3,380,405,81,YWPS3,380,6,2280,1,Steam Sub-Critical,,TRUE,TRUE
EnergyAustralia Yallourn Pty Ltd,Yallourn W Power Station,VIC1,Generator,Market,Scheduled,Fossil,Brown Coal,Combustion,Steam Sub-Critical,4,380,N,YWPS4,380,405,81,YWPS4,380,6,2280,1,Steam Sub-Critical,,TRUE,TRUE
Flinders Operating Services Pty Ltd,Northern Power Station,SA1,Generator,Market,Scheduled,Fossil,Brown Coal,Combustion,Steam Sub-Critical,1,265,N,NPS1,265,273,7,NPS1,265,6,1590,1,Steam Sub-Critical,,TRUE,TRUE
Flinders Operating Services Pty Ltd,Northern Power Station,SA1,Generator,Market,Scheduled,Fossil,Brown Coal,Combustion,Steam Sub-Critical,2,265,N,NPS2,265,273,7,NPS2,265,6,1590,1,Steam Sub-Critical,,TRUE,TRUE
Flinders Operating Services Pty Ltd,Playford B Power Station,SA1,Generator,Market,Scheduled,Fossil,Brown Coal,Combustion,Steam Sub-Critical,1-Apr,60,Y,PLAYB-AG,240,252,3,PLAYB-AG,240,6,1440,4,Steam Sub-Critical,,TRUE,TRUE
Hazelwood Power,Hazelwood Power Station,VIC1,Generator,Market,Scheduled,Fossil,Brown Coal,Combustion,Steam Sub-Critical,1,200,N,HWPS1,200,220,2,HWPS1,200,6,1200,1,Steam Sub-Critical,,TRUE,TRUE
Hazelwood Power,Hazelwood Power Station,VIC1,Generator,Market,Scheduled,Fossil,Brown Coal,Combustion,Steam Sub-Critical,2,200,N,HWPS2,200,220,2,HWPS2,200,6,1200,1,Steam Sub-Critical,,TRUE,TRUE
Hazelwood Power,Hazelwood Power Station,VIC1,Generator,Market,Scheduled,Fossil,Brown Coal,Combustion,Steam Sub-Critical,3,200,N,HWPS3,200,220,2,HWPS3,200,6,1200,1,Steam Sub-Critical,,TRUE,TRUE
Hazelwood Power,Hazelwood Power Station,VIC1,Generator,Market,Scheduled,Fossil,Brown Coal,Combustion,Steam Sub-Critical,4,200,N,HWPS4,200,220,2,HWPS4,200,6,1200,1,Steam Sub-Critical,,TRUE,TRUE
Hazelwood Power,Hazelwood Power Station,VIC1,Generator,Market,Scheduled,Fossil,Brown Coal,Combustion,Steam Sub-Critical,5,200,N,HWPS5,200,220,2,HWPS5,200,6,1200,1,Steam Sub-Critical,,TRUE,TRUE
Hazelwood Power,Hazelwood Power Station,VIC1,Generator,Market,Scheduled,Fossil,Brown Coal,Combustion,Steam Sub-Critical,6,200,N,HWPS6,200,220,2,HWPS6,200,6,1200,1,Steam Sub-Critical,,TRUE,TRUE
Hazelwood Power,Hazelwood Power Station,VIC1,Generator,Market,Scheduled,Fossil,Brown Coal,Combustion,Steam Sub-Critical,7,200,N,HWPS7,200,220,2,HWPS7,200,6,1200,1,Steam Sub-Critical,,TRUE,TRUE
Hazelwood Power,Hazelwood Power Station,VIC1,Generator,Market,Scheduled,Fossil,Brown Coal,Combustion,Steam Sub-Critical,8,200,N,HWPS8,200,220,2,HWPS8,200,6,1200,1,Steam Sub-Critical,,TRUE,TRUE
IPM Australia Limited ,Loy Yang B Power Station,VIC1,Generator,Market,Scheduled,Fossil,Brown Coal,Combustion,Steam Sub-Critical,1,500,N,LOYYB1,500,600,25,LOYYB1,500,6,3000,1,Steam Sub-Critical,,TRUE,TRUE
IPM Australia Limited ,Loy Yang B Power Station,VIC1,Generator,Market,Scheduled,Fossil,Brown Coal,Combustion,Steam Sub-Critical,2,500,N,LOYYB2,500,600,25,LOYYB2,500,6,3000,1,Steam Sub-Critical,,TRUE,TRUE
Mackay Sugar Limited,Racecourse Mill,QLD1,Generator,Non-Market,Non-Scheduled,Renewable/ Biomass / Waste,Bagasse,Combustion,Steam Sub-Critical,1,3.5,N,-,3.5,48,0,NA,,6,0,1,Steam Sub-Critical,,TRUE,FALSE
Mackay Sugar Limited,Racecourse Mill,QLD1,Generator,Non-Market,Non-Scheduled,Renewable/ Biomass / Waste,Bagasse,Combustion,Steam Sub-Critical,2,7,N,-,7,-,0,NA,,6,0,1,Steam Sub-Critical,,TRUE,FALSE
Mackay Sugar Limited,Racecourse Mill,QLD1,Generator,Non-Market,Non-Scheduled,Renewable/ Biomass / Waste,Bagasse,Combustion,Steam Sub-Critical,3,38,N,-,38,-,0,NA,,6,0,1,Steam Sub-Critical,,TRUE,FALSE
Origin Energy Electricity Limited,Eraring Power Station,NSW1,Generator,Market,Scheduled,Fossil,Black Coal,Combustion,Steam Sub-Critical,1,720,N,ER01,720,750,20,ER01,720,6,4320,1,Steam Sub-Critical,,TRUE,TRUE
Origin Energy Electricity Limited,Eraring Power Station,NSW1,Generator,Market,Scheduled,Fossil,Black Coal,Combustion,Steam Sub-Critical,2,720,N,ER02,720,750,20,ER02,720,6,4320,1,Steam Sub-Critical,,TRUE,TRUE
Origin Energy Electricity Limited,Eraring Power Station,NSW1,Generator,Market,Scheduled,Fossil,Black Coal,Combustion,Steam Sub-Critical,3,720,N,ER03,720,750,20,ER03,720,6,4320,1,Steam Sub-Critical,,TRUE,TRUE
Origin Energy Electricity Limited,Eraring Power Station,NSW1,Generator,Market,Scheduled,Fossil,Black Coal,Combustion,Steam Sub-Critical,4,720,N,ER04,720,750,20,ER04,720,6,4320,1,Steam Sub-Critical,,TRUE,TRUE
Pioneer Sugar Mills Pty Ltd,Pioneer Sugar Mill,QLD1,Generator,Non-Market,Non-Scheduled,Renewable/ Biomass / Waste,Bagasse,Combustion,Steam Sub-Critical,1,30.86,N,-,30.86,68,0,PIONEER,,6,0,,Steam Sub-Critical,,FALSE,FALSE
Pioneer Sugar Mills Pty Ltd,Pioneer Sugar Mill,QLD1,Generator,Non-Market,Non-Scheduled,Renewable/ Biomass / Waste,Bagasse,Combustion,Steam Sub-Critical,2,36.92,N,-,36.92,-,0,NA,,6,0,,Steam Sub-Critical,,FALSE,FALSE
Stanwell Corporation Limited,Stanwell Power Station,QLD1,Generator,Market,Scheduled,Fossil,Black Coal,Combustion,Steam Sub-Critical,1,365,N,STAN-1,365,385,77,STAN-1,365,6,2190,1,Steam Sub-Critical,,TRUE,TRUE
Stanwell Corporation Limited,Stanwell Power Station,QLD1,Generator,Market,Scheduled,Fossil,Black Coal,Combustion,Steam Sub-Critical,2,365,N,STAN-2,365,385,77,STAN-2,365,6,2190,1,Steam Sub-Critical,,TRUE,TRUE
Stanwell Corporation Limited,Stanwell Power Station,QLD1,Generator,Market,Scheduled,Fossil,Black Coal,Combustion,Steam Sub-Critical,3,365,N,STAN-3,365,385,77,STAN-3,365,6,2190,1,Steam Sub-Critical,,TRUE,TRUE
Stanwell Corporation Limited,Stanwell Power Station,QLD1,Generator,Market,Scheduled,Fossil,Black Coal,Combustion,Steam Sub-Critical,4,365,N,STAN-4,365,385,77,STAN-4,365,6,2190,1,Steam Sub-Critical,,TRUE,TRUE
Stanwell Corporation Limited,Tarong Power Station,QLD1,Generator,Market,Scheduled,Fossil,Black Coal,Combustion,Steam Sub-Critical,1,350,N,TARONG#1,350,385,77,TARONG#1,350,6,2100,1,Steam Sub-Critical,,TRUE,TRUE
Stanwell Corporation Limited,Tarong Power Station,QLD1,Generator,Market,Scheduled,Fossil,Black Coal,Combustion,Steam Sub-Critical,2,350,N,TARONG#2,350,385,77,TARONG#2,350,6,2100,1,Steam Sub-Critical,,TRUE,TRUE
Stanwell Corporation Limited,Tarong Power Station,QLD1,Generator,Market,Scheduled,Fossil,Black Coal,Combustion,Steam Sub-Critical,3,350,N,TARONG#3,350,385,77,TARONG#3,350,6,2100,1,Steam Sub-Critical,,TRUE,TRUE
Stanwell Corporation Limited,Tarong Power Station,QLD1,Generator,Market,Scheduled,Fossil,Black Coal,Combustion,Steam Sub-Critical,4,350,N,TARONG#4,350,385,77,TARONG#4,350,6,2100,1,Steam Sub-Critical,,TRUE,TRUE
Sunset Power International Pty Ltd,"Vales Point ""B"" Power Station",NSW1,Generator,Market,Scheduled,Fossil,Black Coal,Combustion,Steam Sub-Critical,5,660,N,VP5,660,680,25,VP5,660,6,3960,1,Steam Sub-Critical,,TRUE,TRUE
Sunset Power International Pty Ltd,"Vales Point ""B"" Power Station",NSW1,Generator,Market,Scheduled,Fossil,Black Coal,Combustion,Steam Sub-Critical,6,660,N,VP6,660,680,25,VP6,660,6,3960,1,Steam Sub-Critical,,TRUE,TRUE
Wilmar Sugar Pty Ltd,Invicta Sugar Mill,QLD1,Generator,Non-Market,Non-Scheduled,Renewable/ Biomass / Waste,Bagasse,Combustion,Steam Sub-Critical,1,38.8,N,INVICTA,50,51,0,INVICTA,50,6,300,3,Steam Sub-Critical,,FALSE,TRUE
Wilmar Sugar Pty Ltd,Invicta Sugar Mill,QLD1,Generator,Non-Market,Non-Scheduled,Renewable/ Biomass / Waste,Bagasse,Combustion,Steam Sub-Critical,2,9,N,INVICTA,50,51,0,NA,,6,0,,Steam Sub-Critical,,FALSE,FALSE
Wilmar Sugar Pty Ltd,Invicta Sugar Mill,QLD1,Generator,Non-Market,Non-Scheduled,Renewable/ Biomass / Waste,Bagasse,Combustion,Steam Sub-Critical,3,2.5,N,INVICTA,50,51,0,NA,,6,0,,Steam Sub-Critical,,FALSE,FALSE
Callide Power Trading Pty Limited,Callide Power Plant,QLD1,Generator,Market,Scheduled,Fossil,Black Coal,Combustion,Steam Super Critical,3,420,N,CPP_3,420,500,100,CPP_3,420,6,2520,1,Steam Super Critical,,TRUE,TRUE
Callide Power Trading Pty Limited,Callide Power Plant,QLD1,Generator,Market,Scheduled,Fossil,Black Coal,Combustion,Steam Super Critical,4,420,N,CPP_4,420,500,100,CPP_4,420,6,2520,1,Steam Super Critical,,TRUE,TRUE
CS Energy Limited,Kogan Creek Power Station,QLD1,Generator,Market,Scheduled,Fossil,Black Coal,Combustion,Steam Super Critical,1,744,N,KPP_1,744,781,157,KPP_1,744,6,4464,1,Steam Super Critical,,TRUE,TRUE
Millmerran Energy Trader Pty Ltd,Millmerran Power Plant,QLD1,Generator,Market,Scheduled,Fossil,Black Coal,Combustion,Steam Super Critical,1,426,N,MPP_1,426,450,90,MPP_1,426,6,2556,1,Steam Super Critical,,TRUE,TRUE
Millmerran Energy Trader Pty Ltd,Millmerran Power Plant,QLD1,Generator,Market,Scheduled,Fossil,Black Coal,Combustion,Steam Super Critical,2,426,N,MPP_2,426,450,90,MPP_2,426,6,2556,1,Steam Super Critical,,TRUE,TRUE
Stanwell Corporation Limited,Tarong North Power Station,QLD1,Generator,Market,Scheduled,Fossil,Black Coal,Combustion,Steam Super Critical,1,450,N,TNPS1,443,480,96,TNPS1,443,6,2658,1,Steam Super Critical,,FALSE,TRUE
AGL Hydro Partnership,Hallett 1 Wind Farm,SA1,Generator,Market,Semi-Scheduled,Wind,Wind,Renewable,Wind - Onshore,Jan-45,2.1,N,HALLWF1,94.5,95,30,HALLWF1,94.5,0,0,45,Wind - Onshore,,TRUE,TRUE
AGL Hydro Partnership,Hallett 2 Wind Farm,SA1,Generator,Market,Semi-Scheduled,Wind,Wind,Renewable,Wind - Onshore,Jan-34,2.1,N,HALLWF2,71.4,71,30,HALLWF2,71.4,0,0,34,Wind - Onshore,,TRUE,TRUE
AGL Hydro Partnership,Macarthur Wind Farm,VIC1,Generator,Market,Semi-Scheduled,Wind,Wind,Renewable,Wind - Onshore,1-140,3,N,MACARTH1,420,420,90,MACARTH1,420,0,0,140,Wind - Onshore,,TRUE,TRUE
AGL Hydro Partnership,North Brown Hill Wind Farm,SA1,Generator,Market,Semi-Scheduled,Wind,Wind,Renewable,Wind - Onshore,Jan-63,2.1,N,NBHWF1,132.3,132,30,NBHWF1,132.3,0,0,63,Wind - Onshore,,FALSE,TRUE
AGL Hydro Partnership,Oaklands Hill Wind Farm,VIC1,Generator,Market,Semi-Scheduled,Wind,Wind,Renewable,Wind - Onshore,32,2.1,N,OAKLAND1,67,63,30,OAKLAND1,67,0,0,32,Wind - Onshore,,FALSE,TRUE
AGL Hydro Partnership,The Bluff Wind Farm,SA1,Generator,Market,Semi-Scheduled,Wind,Wind,Renewable,Wind - Onshore,Jan-25,2.1,N,BLUFF1,52.5,52.5,30,BLUFF1,52.5,0,0,25,Wind - Onshore,,TRUE,TRUE
AGL Hydro Partnership,Wattle Point Wind Farm,SA1,Generator,Market,Non-Scheduled,Wind,Wind,Renewable,Wind - Onshore,Jan-55,1.65,N,WPWF,90.75,91,0,WPWF,90.75,0,0,55,Wind - Onshore,,TRUE,TRUE
Alinta Energy Retail Sales Pty Ltd,Bald Hills Wind Farm,VIC1,Generator,Market,Semi-Scheduled,Wind,Wind,Renewable,Wind - Onshore,.1-52,106.6,N,BALDHWF1,106.6,120,0,BALDHWF1,106.6,0,0,52,Wind - Onshore,,FALSE,TRUE
Boco Rock Wind Farm Pty Ltd,Boco Rock Wind Farm,NSW1,Generator,Market,Semi-Scheduled,Wind,Wind,Renewable,Wind - Onshore,.1-58,1.7,N,BOCORWF1,98.6,98.6,201,BOCORWF1,98.6,0,0,58,Wind - Onshore,,TRUE,TRUE
Boco Rock Wind Farm Pty Ltd,Boco Rock Wind Farm,NSW1,Generator,Market,Semi-Scheduled,Wind,Wind,Renewable,Wind - Onshore,59-67,1.62,N,BOCORWF1,14.58,14.58,201,NA,,0,0,9,Wind - Onshore,,TRUE,FALSE
Canunda Power Pty Ltd,Canunda Wind Farm,SA1,Generator,Market,Non-Scheduled,Wind,Wind,Renewable,Wind - Onshore,Jan-23,2,N,-,46,46,0,CNUNDAWF,,0,0,23,Wind - Onshore,no DUID,TRUE,FALSE
Cathedral Rocks Wind Farm Pty Ltd,Cathedral Rocks Wind Farm,SA1,Generator,Market,Non-Scheduled,Wind,Wind,Renewable,Wind - Onshore,Jan-33,2,N,CATHROCK,66,66,0,CATHROCK,66,0,0,33,Wind - Onshore,,TRUE,TRUE
Energy Pacific (Vic) Pty Ltd,Codrington Wind Farm,VIC1,Generator,Market,Non-Scheduled,Wind,Wind,Renewable,Wind - Onshore,Jan-14,1.3,N,CODRNGTON,18.2,18,0,CODRNGTON,18.2,0,0,14,Wind - Onshore,,TRUE,TRUE
Energy Pacific (Vic) Pty Ltd,Yambuk Wind Farm ,VIC1,Generator ,Market,Non-Scheduled,Wind,Wind,Renewable,Wind - Onshore,Jan-20,1.5,N,YAMBUKWF,30,30,0,YAMBUKWF,30,0,0,20,Wind - Onshore,,TRUE,TRUE
Gunning Wind Energy Developments Pty Ltd,Gunning Wind Farm,NSW1,Generator,Market,Semi-Scheduled,Wind,Wind,Wind,Wind - Onshore,Jan-31,2.1,N,GUNNING1,47,47,47,GUNNING1,47,0,0,22.38,Wind - Onshore,,TRUE,TRUE
Hydro-Electric Corporation trading as Hydro Tasmania,Musselroe Wind Farm,TAS1,Generator,Market,Semi-Scheduled,Wind,Wind,Renewable,Wind - Onshore,Jan-56,3,N,MUSSELR1,168,168,17,MUSSELR1,168,0,0,56,Wind - Onshore,,TRUE,TRUE
Hydro-Electric Corporation trading as Hydro Tasmania,Woolnorth Studland Bay / Bluff Point Wind Farm,TAS1,Generator,Market,Non-Scheduled,Wind,Wind,Renewable,Wind - Onshore,WBP 1-37,1.75,Y,WOOLNTH1,140,140,0,WOOLNTH1,140,0,0,80,Wind - Onshore,,TRUE,TRUE
Hydro-Electric Corporation trading as Hydro Tasmania,Woolnorth Studland Bay / Bluff Point Wind Farm,TAS1,Generator,Market,Non-Scheduled,Wind,Wind,Renewable,Wind - Onshore,WSB 1-25,3,Y,WOOLNTH1,-,-,0,NA,,0,0,,Wind - Onshore,,#VALUE!,FALSE
Infigen Energy Markets Pty Limited,Capital Wind Farm,NSW1,Generator,Market,Non-Scheduled,Wind,Wind,Renewable,Wind - Onshore,Jan-67,2,N,CAPTL_WF,140,140,0,CAPTL_WF,140,0,0,70,Wind - Onshore,,TRUE,TRUE
Lake Bonney Wind Power Pty Ltd,Lake Bonney Wind Farm,SA1,Generator,Market,Non-Scheduled,Wind,Wind,Renewable,Wind - Onshore,Jan-46,1.75,N,LKBONNY1,80.5,81,0,LKBONNY1,80.5,0,0,46,Wind - Onshore,,TRUE,TRUE
Lake Bonney Wind Power Pty Ltd,Lake Bonney Stage 2 Windfarm,SA1,Generator,Market,Semi-Scheduled,Wind,Wind,Renewable,Wind - Onshore,Jan-53,3,N,LKBONNY2,159,159,32,LKBONNY2,159,0,0,53,Wind - Onshore,,TRUE,TRUE
Lake Bonney Wind Power Pty Ltd,Lake Bonney Stage 3 Wind Farm,SA1,Generator,Market,Semi-Scheduled,Wind,Wind,Renewable,Wind - Onshore,Jan-13,39,N,LKBONNY3,39,39,32,LKBONNY3,39,0,0,1,Wind - Onshore,,TRUE,TRUE
Mortons Lane Windfarm Pty Limited,Mortons Lane Wind Farm,VIC1,Generator,Market,Non-Scheduled,Wind,Wind,Renewable,Wind - Onshore,Jan-13,1.5,N,MLWF1,20,20,0,MLWF1,20,0,0,13,Wind - Onshore,,FALSE,TRUE
Mt Mercer Windfarm Pty Ltd,Mt Mercer Windf Farm,VIC1,Generator,Market,Semi-Scheduled,Wind,Wind,Renewable,Wind - Onshore,Jan-64,2.05,N,MERCER01,131,131,33,MERCER01,131,0,0,64,Wind - Onshore,,FALSE,TRUE
Mt Millar Wind Farm Pty Ltd,Mt Millar Wind Farm,SA1,Generator,Market,Non-Scheduled,Wind,Wind,Renewable,Wind - Onshore,Jan-35,2,N,MTMILLAR,70,70,0,MTMILLAR,70,0,0,35,Wind - Onshore,,TRUE,TRUE
New Gullen Range Wind Farm Pty Ltd,Gullen Range Wind Farm,NSW1,Generator,Market,Semi-Scheduled,Wind,Wind,Renewable,Wind - Onshore,18-73,2.5,Y, - , - , - , - ,NA,,0,0,,Wind - Onshore,,#VALUE!,FALSE
New Gullen Range Wind Farm Pty Ltd,Gullen Range Wind Farm,NSW1,Generator,Market,Semi-Scheduled,Wind,Wind,Renewable,Wind - Onshore,1-17.,1.5,Y,GULLRWF1,166,172,34,GULLRWF1,166,0,0,73,Wind - Onshore,,FALSE,TRUE
Origin Energy Electricity Limited,Cullerin Range Wind Farm,NSW1,Generator,Market,Non-Scheduled,Wind,Wind,Renewable,Wind - Onshore,Jan-15,2,N,CULLRGWF,30,30,0,CULLRGWF,30,0,0,15,Wind - Onshore,,TRUE,TRUE
Origin Energy Electricity Limited,Wonthaggi Wind Farm,VIC1,Generator,Market,Non-Scheduled,Wind,0,Renewable,Wind - Onshore,1-Jun,2,Y,WONWP,12,12,0,WONWP,12,0,0,6,Wind - Onshore,,TRUE,TRUE
Pacific Hydro Challicum Hills Pty Ltd,Challicum Hills Wind Farm,VIC1,Generator,Non-Market,Non-Scheduled,Wind,Wind,Renewable,Wind - Onshore,Jan-35,1.5,Y,CHALLHWF,52.5,53,0,CHALLHWF,52.5,0,0,35,Wind - Onshore,,TRUE,TRUE
Pacific Hydro Clements Gap Pty Ltd,Clements Gap Wind Farm,SA1,Generator,Market,Semi-Scheduled,Wind,Wind,Renewable,Wind - Onshore,Jan-27,2,N,CLEMGPWF,57,57,12,CLEMGPWF,57,0,0,27,Wind - Onshore,,FALSE,TRUE
Pacific Hydro Portland Wind Farm Pty Ltd,Portland Wind Farm,VIC1,Generator,Non-Market,Non-Scheduled,Wind,Wind,Renewable,Wind - Onshore,Jan-74,2,Y,PORTWF,148,148,0,PORTWF,148,0,0,74,Wind - Onshore,,TRUE,TRUE
Pyrenees Wind Energy Development Pty Ltd,Waubra Wind Farm,VIC1,Generator,Market,Non-Scheduled,Wind,Wind,Renewable,Wind - Onshore,1-128,1.5,Y,WAUBRAWF,192,192,0,WAUBRAWF,192,0,0,128,Wind - Onshore,,TRUE,TRUE
Red Energy Pty Limited,Hepburn Wind Farm,VIC1,Generator,Market,Non-Scheduled,Wind,Wind,Renewable,Wind - Onshore,1-Feb,2.05,N,HEPWIND1,4.1,4.1,0,HEPWIND1,4.1,0,0,2,Wind - Onshore,,TRUE,TRUE
Snowtown Wind Farm Pty Ltd,Snowtown Wind Farm Units 1 And 47,SA1,Generator,Market,Semi-Scheduled,Wind,Wind,Renewable,Wind - Onshore,Jan-47,2.1,N,SNOWTWN1,99,99,20,SNOWTWN1,99,0,0,47,Wind - Onshore,,FALSE,TRUE
Snowtown Wind Farm Stage 2 Pty ltd ,Snowtown South Wind Farm,SA1,Generator,Market,Semi-Scheduled,Wind,Wind,Renewable,Wind - Onshore,Jan-42,3,N,SNOWSTH1,126,126,50,SNOWSTH1,126,0,0,42,Wind - Onshore,,TRUE,TRUE
Snowtown Wind Farm Stage 2 Pty ltd ,Snowtown Wind Farm Stage 2 North,SA1,Generator,Market,Semi-Scheduled,Wind,Wind,Renewable,Wind - Onshore,Jan-48,3,N,SNOWNTH1,144,144,50,SNOWNTH1,144,0,0,48,Wind - Onshore,,TRUE,TRUE
Starfish Hill Wind Farm Pty Ltd ,Starfish Hill Wind Farm,SA1,Generator,Market,Non-Scheduled,Wind,Wind,Renewable,Wind - Onshore,Jan-23,1.5,N,STARHLWF,34.5,35,0,STARHLWF,34.5,0,0,23,Wind - Onshore,,TRUE,TRUE
Taralga Wind Farm Nominees No 2 Pty Ltd (ATF Taralga Wind Farm Operating Trust),Taralga Wind Farm,NSW1,Generator,Market,Semi-Scheduled,Wind,Wind,Renewable,Wind - Onshore,.1-51,106.8,N,TARALGA1,106.8,106.8,0,TARALGA1,106.8,0,0,1,Wind - Onshore,,TRUE,TRUE
Toora Wind Farm Pty Ltd ,Toora Wind Farm,VIC1,Generator,Market,Non-Scheduled,Wind,Wind,Renewable,Wind - Onshore,1-Dec,1.75,Y,TOORAWF,21,21,0,TOORAWF,21,0,0,12,Wind - Onshore,,TRUE,TRUE
Waterloo Wind Farm Pty Ltd,Waterloo Wind Farm,SA1,Generator,Market,Semi-Scheduled,Wind,Wind,Renewable,Wind - Onshore,Jan-37,3,N,WATERLWF,111,111,23,WATERLWF,111,0,0,37,Wind - Onshore,,TRUE,TRUE
Windy Hill Wind Farm Pty Ltd ,Windy Hill Wind Farm,QLD1,Generator,Market,Non-Scheduled,Wind,Wind,Renewable,Wind - Onshore,Jan-20,0.6,Y,WHILL1,12,12,0,WHILL1,12,0,0,20,Wind - Onshore,,TRUE,TRUE
Woodlawn Wind Pty Ltd,Woodlawn Wind Farm,NSW1,Generator,Market,Semi-Scheduled,Wind,Wind,Renewable,Wind - Onshore,Jan-23,2.1,N,WOODLWN1,48,48,13,WOODLWN1,48,0,0,23,Wind - Onshore,,FALSE,TRUE
,,,,,,,,,,,,,,,,,,,,,,,,,
,,,,,,,,,,,,,,,,,,,,,,,,,
,,,,,,,,,,,,,,51275.807,,,,50781.013,,,,,,,
,,,,,,,,,,,,,,,,,,494.794,,,,,,,
